PartitionKey,RowKey,EntryDateTime,EntryDateTime@type,Date,Date@type,Hour,Hour@type,Minute,Minute@type,Command,Command@type,CommandType,CommandType@type,GuildId,GuildId@type,UserId,UserId@type
20240101,1020799e-8e59-4dc0-9c05-15223fc4d4a7,2024-01-01T12:58:14.4489526Z,DateTime,01-01-2024,String,12,String,58,String,snuggle,String,Slash,String,859744281879511040,String,739310062346043413,String
20240101,18f54629-98b8-45ee-b269-ed59c1659e7e,2024-01-01T12:45:31.2875377Z,DateTime,01-01-2024,String,12,String,45,String,verify,String,Slash,String,859744281879511040,String,712950313547464756,String
20240101,376fa361-081c-4d50-8620-4388da351078,2024-01-01T18:34:06.5119871Z,DateTime,01-01-2024,String,18,String,34,String,leaderboard bump,String,Slash,String,859744281879511040,String,1144733573300105256,String
20240101,3d7379b4-5fd6-4a55-a20c-e33303fbe5e2,2024-01-01T02:07:40.0757743Z,DateTime,01-01-2024,String,02,String,07,String,snuggle,String,Slash,String,859744281879511040,String,739310062346043413,String
20240101,4bc623e5-47f5-42fe-a90d-d19d482c4cb1,2024-01-01T12:52:10.4431347Z,DateTime,01-01-2024,String,12,String,52,String,Snuggle,String,UserContext,String,859744281879511040,String,712950313547464756,String
20240101,50fc21af-8afe-4093-ae84-a6e887a6f16d,2024-01-01T21:21:13.1701728Z,DateTime,01-01-2024,String,21,String,21,String,Post Letter,String,MessageContext,String,859744281879511040,String,823670717366927450,String
20240101,581feaca-74fe-4445-a358-f9f45c29dfa3,2024-01-01T21:21:02.4533414Z,DateTime,01-01-2024,String,21,String,21,String,Post Letter,String,MessageContext,String,859744281879511040,String,823670717366927450,String
20240101,58524956-712c-4978-a6f5-527e9ab30a1e,2024-01-01T15:03:22.9689259Z,DateTime,01-01-2024,String,15,String,03,String,letter post,String,Slash,String,859744281879511040,String,800413939199508501,String
20240101,68e386cb-034b-4b87-85f2-9ccbd3349c25,2024-01-01T01:25:27.8624708Z,DateTime,01-01-2024,String,01,String,25,String,snuggle,String,Slash,String,859744281879511040,String,465234755429072906,String
20240101,7433d328-ec46-4949-a294-efe29043b5c6,2024-01-01T01:25:38.377503Z,DateTime,01-01-2024,String,01,String,25,String,snuggle,String,Slash,String,859744281879511040,String,465234755429072906,String
20240101,869cfc90-8ff9-4f5d-8e6c-fda229e35fde,2024-01-01T14:07:23.4165696Z,DateTime,01-01-2024,String,14,String,07,String,Snuggle,String,UserContext,String,859744281879511040,String,712950313547464756,String
20240101,96936124-4cec-4764-bc5e-d965ede16e6a,2024-01-01T15:03:36.167919Z,DateTime,01-01-2024,String,15,String,03,String,letter post,String,Slash,String,859744281879511040,String,800413939199508501,String
20240101,a4250a01-182a-46e4-b948-e496a2b22fe4,2024-01-01T21:06:13.9399975Z,DateTime,01-01-2024,String,21,String,06,String,verify,String,Slash,String,859744281879511040,String,712950313547464756,String
20240101,c9c63a8d-cfd8-4edb-a28d-ece7606a8c3e,2024-01-01T01:36:08.267621Z,DateTime,01-01-2024,String,01,String,36,String,snuggle,String,Slash,String,859744281879511040,String,465234755429072906,String
20240101,d5f2d517-2c15-4911-b2c8-a1d25c7e3730,2024-01-01T01:25:46.1690235Z,DateTime,01-01-2024,String,01,String,25,String,snuggle,String,Slash,String,859744281879511040,String,465234755429072906,String
20240101,dfab68f0-a305-4766-ba65-3e343f634b92,2024-01-01T18:34:12.9974665Z,DateTime,01-01-2024,String,18,String,34,String,leaderboard bump,String,Slash,String,859744281879511040,String,1144733573300105256,String
20240101,e3305e1d-3fb4-4a0f-9dde-240e645174ed,2024-01-01T04:21:41.4554895Z,DateTime,01-01-2024,String,04,String,21,String,verify,String,Slash,String,859744281879511040,String,361655871190859776,String
20240101,e5ec3fdb-5da1-4d16-b305-bdeb6c4669a9,2024-01-01T01:34:54.057917Z,DateTime,01-01-2024,String,01,String,34,String,snuggle,String,Slash,String,859744281879511040,String,661700416404193289,String
20240101,f89d4915-38c0-4cda-a76b-d4cda8b81e66,2024-01-01T06:38:04.9351155Z,DateTime,01-01-2024,String,06,String,38,String,verify,String,Slash,String,859744281879511040,String,361655871190859776,String
20240102,0f4673ee-c45a-494a-abe4-1a63823ffffe,2024-01-02T14:18:17.5930104Z,DateTime,02-01-2024,String,14,String,18,String,snuggle,String,Slash,String,859744281879511040,String,956465848833417246,String
20240102,11835ee5-5936-4716-a82e-102b7a93bbef,2024-01-02T14:16:37.7540856Z,DateTime,02-01-2024,String,14,String,16,String,snuggle,String,Slash,String,859744281879511040,String,956465848833417246,String
20240102,32a74fd0-39fe-4ea3-b2a0-89a36a2bab5a,2024-01-02T14:16:18.0704993Z,DateTime,02-01-2024,String,14,String,16,String,snuggle,String,Slash,String,859744281879511040,String,956465848833417246,String
20240102,3f78a8f9-99d4-46aa-b200-e3690ec8c9df,2024-01-02T01:27:34.9076398Z,DateTime,02-01-2024,String,01,String,27,String,partnership info,String,Slash,String,859744281879511040,String,490279572625948672,String
20240102,46bfe901-035b-419e-ae2b-33ac572d5154,2024-01-02T11:06:23.8474391Z,DateTime,02-01-2024,String,11,String,06,String,call,String,Slash,String,1048722624261398548,String,712950313547464756,String
20240102,4fac5dd2-b8d7-484f-8cca-ffd328b07ed2,2024-01-02T14:39:56.3097965Z,DateTime,02-01-2024,String,14,String,39,String,Snuggle,String,UserContext,String,859744281879511040,String,712950313547464756,String
20240102,5c4aab2f-5d4b-4d0b-a9e1-3e9c01e73eb4,2024-01-02T14:17:48.5083781Z,DateTime,02-01-2024,String,14,String,17,String,snuggle,String,Slash,String,859744281879511040,String,956465848833417246,String
20240102,647ebddf-303a-4e39-b1c9-addae77c8d58,2024-01-02T14:18:31.9456156Z,DateTime,02-01-2024,String,14,String,18,String,snuggle,String,Slash,String,859744281879511040,String,627705951142543361,String
20240102,75d1f02d-93d9-46d5-a058-876f90af2f41,2024-01-02T15:05:13.5000242Z,DateTime,02-01-2024,String,15,String,05,String,snuggle,String,Slash,String,859744281879511040,String,802997910157262888,String
20240102,89b01be3-d517-4cb4-9c73-74a0d75551c8,2024-01-02T05:59:16.2055741Z,DateTime,02-01-2024,String,05,String,59,String,snuggle,String,Slash,String,859744281879511040,String,1053089636974592091,String
20240102,9d333eb4-db17-48c8-9d16-c8ce1a3bb8c5,2024-01-02T01:27:23.2128276Z,DateTime,02-01-2024,String,01,String,27,String,partnership search,String,Slash,String,859744281879511040,String,490279572625948672,String
20240102,a7839f00-7330-4f8b-b85c-d33e2a018384,2024-01-02T14:18:00.9099843Z,DateTime,02-01-2024,String,14,String,18,String,snuggle,String,Slash,String,859744281879511040,String,956465848833417246,String
20240102,a7e9c7d8-1b77-43dc-abf5-f35d89e5502a,2024-01-02T20:43:04.9702505Z,DateTime,02-01-2024,String,20,String,43,String,snuggle,String,Slash,String,859744281879511040,String,739310062346043413,String
20240102,a9e9685f-ca61-432c-9b3d-7fb1e88493db,2024-01-02T14:16:27.2359793Z,DateTime,02-01-2024,String,14,String,16,String,snuggle,String,Slash,String,859744281879511040,String,956465848833417246,String
20240102,b5b2b501-e370-411b-9854-a5083be877e6,2024-01-02T11:14:47.4632917Z,DateTime,02-01-2024,String,11,String,14,String,uptime,String,Slash,String,1048722624261398548,String,712950313547464756,String
20240102,bb6d560c-566f-45fb-8e90-3e436d8de926,2024-01-02T13:09:23.5280057Z,DateTime,02-01-2024,String,13,String,09,String,partnership delete,String,Slash,String,859744281879511040,String,490279572625948672,String
20240103,1c705b09-2248-424a-849d-cafca8a666c0,2024-01-03T19:19:18.9722714Z,DateTime,03-01-2024,String,19,String,19,String,verify,String,Slash,String,859744281879511040,String,751149973692874894,String
20240103,220ab7f4-8edb-4bc6-90ab-2811efec0be5,2024-01-03T22:09:57.2877493Z,DateTime,03-01-2024,String,22,String,09,String,partnership edit,String,Slash,String,859744281879511040,String,712950313547464756,String
20240103,2292a307-14e4-40be-adb7-8f96fdd8b0a4,2024-01-03T13:38:58.9510111Z,DateTime,03-01-2024,String,13,String,38,String,note add,String,Slash,String,859744281879511040,String,465234755429072906,String
20240103,234ccb77-09c6-44eb-a02f-e816e1a5ccae,2024-01-03T21:51:19.8291079Z,DateTime,03-01-2024,String,21,String,51,String,partnership info,String,Slash,String,859744281879511040,String,712950313547464756,String
20240103,2d17dc32-28e8-4304-9148-c422dd52dbc6,2024-01-03T22:08:11.316032Z,DateTime,03-01-2024,String,22,String,08,String,partnership validate,String,Slash,String,859744281879511040,String,712950313547464756,String
20240103,4d2e36c1-e1f3-4c6c-b8c1-ae4afca0434b,2024-01-03T22:07:49.5772952Z,DateTime,03-01-2024,String,22,String,07,String,partnership edit,String,Slash,String,859744281879511040,String,712950313547464756,String
20240103,5c34319c-0ab6-4b24-9437-1ce563a77a63,2024-01-03T22:08:13.9588557Z,DateTime,03-01-2024,String,22,String,08,String,partnership info,String,Slash,String,859744281879511040,String,712950313547464756,String
20240103,6ca417b5-3d89-4b98-9501-689da232e5ce,2024-01-03T13:36:01.9074776Z,DateTime,03-01-2024,String,13,String,36,String,note add,String,Slash,String,859744281879511040,String,465234755429072906,String
20240103,70639158-d324-403a-bf4d-967e4edb1110,2024-01-03T13:29:25.8848885Z,DateTime,03-01-2024,String,13,String,29,String,verify,String,Slash,String,859744281879511040,String,465234755429072906,String
20240103,ac373a47-b53b-485c-8549-350af05fdc07,2024-01-03T15:12:01.7396483Z,DateTime,03-01-2024,String,15,String,12,String,verify,String,Slash,String,859744281879511040,String,361655871190859776,String
20240103,b0a679d5-e27b-4960-85c3-aa7f4f427484,2024-01-03T18:25:10.1817237Z,DateTime,03-01-2024,String,18,String,25,String,leaderboard bump,String,Slash,String,859744281879511040,String,1144733573300105256,String
20240103,bc088c6c-89cf-4dd2-aaf7-4d9f2dc19b00,2024-01-03T22:08:25.4572138Z,DateTime,03-01-2024,String,22,String,08,String,partnership validate,String,Slash,String,859744281879511040,String,712950313547464756,String
20240103,d731a022-7aef-4e76-9fdc-a3c1830974a3,2024-01-03T20:54:20.8073147Z,DateTime,03-01-2024,String,20,String,54,String,verify,String,Slash,String,859744281879511040,String,712950313547464756,String
20240103,d903bf0c-eeb3-4b0b-ba13-ef1c3e9ad757,2024-01-03T15:12:22.0275793Z,DateTime,03-01-2024,String,15,String,12,String,notes,String,Slash,String,859744281879511040,String,361655871190859776,String
20240103,e88d5055-0bf4-4921-aebb-6fb983529cdb,2024-01-03T21:51:08.802271Z,DateTime,03-01-2024,String,21,String,51,String,partnership validate,String,Slash,String,859744281879511040,String,712950313547464756,String
20240104,04187ddb-8c92-49b5-92da-8a7fb51b0d44,2024-01-04T03:15:42.6374721Z,DateTime,04-01-2024,String,03,String,15,String,verify,String,Slash,String,859744281879511040,String,361655871190859776,String
20240104,1618603c-c699-4dc5-b6dd-a68fa2d0a416,2024-01-04T06:40:26.9157197Z,DateTime,04-01-2024,String,06,String,40,String,snuggle,String,Slash,String,859744281879511040,String,661700416404193289,String
20240104,2dbe2f1a-9a64-41df-b6bd-3a0f5f592f8f,2024-01-04T06:41:49.2228509Z,DateTime,04-01-2024,String,06,String,41,String,leaderboard bump,String,Slash,String,859744281879511040,String,1129981544942022769,String
20240104,4094753e-86c5-4216-8e18-f7fb5aa7e29b,2024-01-04T12:35:05.4588996Z,DateTime,04-01-2024,String,12,String,35,String,verify,String,Slash,String,859744281879511040,String,465234755429072906,String
20240104,57b2534f-402d-447a-ae5e-d7abbb0c34ec,2024-01-04T14:01:26.3288659Z,DateTime,04-01-2024,String,14,String,01,String,Delete Message,String,MessageContext,String,859744281879511040,String,490279572625948672,String
20240104,8890ae04-545f-4c10-bcc4-9cce3fbd4009,2024-01-04T12:20:44.9469893Z,DateTime,04-01-2024,String,12,String,20,String,snuggle,String,Slash,String,859744281879511040,String,465234755429072906,String
20240104,8c4fbd37-cb05-497b-afa3-41a7880523fc,2024-01-04T06:46:07.346886Z,DateTime,04-01-2024,String,06,String,46,String,snuggle,String,Slash,String,859744281879511040,String,1144733573300105256,String
20240104,a5fa8b28-ac61-49d0-86cd-8f2abe4dcfac,2024-01-04T12:33:35.057933Z,DateTime,04-01-2024,String,12,String,33,String,verify,String,Slash,String,859744281879511040,String,465234755429072906,String
20240104,a79df62c-cf31-489e-a651-b5abe564c71d,2024-01-04T22:56:32.6177238Z,DateTime,04-01-2024,String,22,String,56,String,leaderboard bump,String,Slash,String,859744281879511040,String,1144733573300105256,String
20240104,bda49a76-cfd1-47bd-af52-ef532686a788,2024-01-04T21:54:17.2432059Z,DateTime,04-01-2024,String,21,String,54,String,snuggle,String,Slash,String,859744281879511040,String,802997910157262888,String
20240104,be803c98-aa8b-4d93-8d86-045bac4aab3d,2024-01-04T12:21:05.8274491Z,DateTime,04-01-2024,String,12,String,21,String,snuggle,String,Slash,String,859744281879511040,String,465234755429072906,String
20240104,cc2c48e1-35cf-455a-a13c-191ca7368fa0,2024-01-04T12:43:14.5096962Z,DateTime,04-01-2024,String,12,String,43,String,snuggle,String,Slash,String,859744281879511040,String,661700416404193289,String
20240104,e77631ac-0701-4e33-ae44-fb93e7bfdaa6,2024-01-04T21:32:51.8113471Z,DateTime,04-01-2024,String,21,String,32,String,verify,String,Slash,String,859744281879511040,String,712950313547464756,String
20240104,eb53aabf-889d-4c54-a2f5-7ee8e1c548bd,2024-01-04T03:00:47.2997105Z,DateTime,04-01-2024,String,03,String,00,String,note add,String,Slash,String,859744281879511040,String,751149973692874894,String
20240104,f7da5be2-844f-4103-aa88-472c7d165696,2024-01-04T14:45:17.7466014Z,DateTime,04-01-2024,String,14,String,45,String,snuggle,String,Slash,String,859744281879511040,String,465234755429072906,String
20240105,08496a02-013f-4d30-81ca-ff3a77d8d9a7,2024-01-05T14:03:27.5228602Z,DateTime,05-01-2024,String,14,String,03,String,Delete Message,String,MessageContext,String,859744281879511040,String,403937759452200961,String
20240105,2476cf2a-7728-48de-b5ae-6b6e8ee8a925,2024-01-05T19:12:34.764566Z,DateTime,05-01-2024,String,19,String,12,String,notes,String,Slash,String,859744281879511040,String,712950313547464756,String
20240105,2af5b1b6-0a84-4abe-b387-259cb57012f7,2024-01-05T21:24:04.2678521Z,DateTime,05-01-2024,String,21,String,24,String,verify,String,Slash,String,859744281879511040,String,712950313547464756,String
20240105,2dc858a7-2448-4168-9fdc-82a2d706c71a,2024-01-05T10:06:41.7900152Z,DateTime,05-01-2024,String,10,String,06,String,snuggle,String,Slash,String,859744281879511040,String,1187083096676368425,String
20240105,34d94643-ed41-499f-b245-bfbd74645705,2024-01-05T14:45:23.2116611Z,DateTime,05-01-2024,String,14,String,45,String,note add,String,Slash,String,859744281879511040,String,403937759452200961,String
20240105,4343002b-fefd-4a5d-8085-2c50b555dd40,2024-01-05T19:58:37.670743Z,DateTime,05-01-2024,String,19,String,58,String,Snuggle,String,UserContext,String,859744281879511040,String,712950313547464756,String
20240105,43ad13aa-601a-4542-88e1-d5b143148fff,2024-01-05T14:03:38.4740856Z,DateTime,05-01-2024,String,14,String,03,String,Delete Message,String,MessageContext,String,859744281879511040,String,403937759452200961,String
20240105,4e0bcba5-43c0-41f3-a9c6-f927b191b190,2024-01-05T19:29:09.5704288Z,DateTime,05-01-2024,String,19,String,29,String,remindme,String,Slash,String,859744281879511040,String,712950313547464756,String
20240105,56503210-e2b8-4f9c-955b-8417f016158b,2024-01-05T18:38:09.8192399Z,DateTime,05-01-2024,String,18,String,38,String,verify,String,Slash,String,859744281879511040,String,712950313547464756,String
20240105,6bdda7f1-0320-4139-bac5-e59031df382f,2024-01-05T17:23:18.0241292Z,DateTime,05-01-2024,String,17,String,23,String,snuggle,String,Slash,String,859744281879511040,String,712950313547464756,String
20240105,6cb77a6f-002d-44e0-8bc2-002d3801f886,2024-01-05T12:38:00.1977252Z,DateTime,05-01-2024,String,12,String,38,String,verify,String,Slash,String,859744281879511040,String,302165508143316995,String
20240105,7fff37c0-30ae-41ec-b8d4-ffaf70289237,2024-01-05T20:10:11.5820429Z,DateTime,05-01-2024,String,20,String,10,String,Snuggle,String,UserContext,String,859744281879511040,String,712950313547464756,String
20240105,87dbe0d4-2f4e-4b88-a007-25446c1f99a9,2024-01-05T03:45:10.0357277Z,DateTime,05-01-2024,String,03,String,45,String,verify,String,Slash,String,859744281879511040,String,361655871190859776,String
20240105,97ca0383-3f78-422f-a907-261e503e3521,2024-01-05T19:11:48.6626427Z,DateTime,05-01-2024,String,19,String,11,String,verify,String,Slash,String,859744281879511040,String,712950313547464756,String
20240105,a19c81e8-ac27-4d26-8348-dce71d2cbc60,2024-01-05T14:03:46.0609243Z,DateTime,05-01-2024,String,14,String,03,String,Delete Message,String,MessageContext,String,859744281879511040,String,403937759452200961,String
20240105,be852137-3bab-4377-a6b8-a4a0e82dc624,2024-01-05T07:25:48.5656187Z,DateTime,05-01-2024,String,07,String,25,String,snuggle,String,Slash,String,859744281879511040,String,661700416404193289,String
20240105,c44aef34-247e-4da4-82f4-488f3ec02c63,2024-01-05T14:46:03.2074082Z,DateTime,05-01-2024,String,14,String,46,String,note add,String,Slash,String,859744281879511040,String,403937759452200961,String
20240105,ddd36f09-f1c1-4b49-b3f4-4950ec4abccd,2024-01-05T19:58:08.5685679Z,DateTime,05-01-2024,String,19,String,58,String,snuggle,String,Slash,String,859744281879511040,String,465234755429072906,String
20240106,022465a3-6613-4803-bb88-28b3d06d9fbe,2024-01-06T14:27:40.7259917Z,DateTime,06-01-2024,String,14,String,27,String,tonetags,String,Slash,String,859744281879511040,String,361655871190859776,String
20240106,1ce3afbf-6c55-46b7-bcb4-899698dec84d,2024-01-06T19:41:17.2318982Z,DateTime,06-01-2024,String,19,String,41,String,verify,String,Slash,String,859744281879511040,String,712950313547464756,String
20240106,33388f55-d3a6-4527-94d1-a4a2ab441539,2024-01-06T15:27:31.956037Z,DateTime,06-01-2024,String,15,String,27,String,button,String,Slash,String,859744281879511040,String,1053089636974592091,String
20240106,92a2f760-729b-4665-a4f4-2e2c92b7acd5,2024-01-06T19:45:58.1448401Z,DateTime,06-01-2024,String,19,String,45,String,verify,String,Slash,String,859744281879511040,String,712950313547464756,String
20240106,9951cc7c-50b1-48b2-80fd-f133a415edad,2024-01-06T07:16:33.6953958Z,DateTime,06-01-2024,String,07,String,16,String,button,String,Slash,String,859744281879511040,String,898857628292247604,String
20240106,bb1a725e-ee25-47b4-9da9-453c09fe8302,2024-01-06T07:17:04.4873664Z,DateTime,06-01-2024,String,07,String,17,String,flipcoin,String,Slash,String,859744281879511040,String,898857628292247604,String
20240106,be5a2d7e-5742-4c85-80df-3b56d197464b,2024-01-06T21:31:31.3696291Z,DateTime,06-01-2024,String,21,String,31,String,verify,String,Slash,String,859744281879511040,String,712950313547464756,String
20240106,ca5b5481-b030-42d7-be71-4c38c496e74f,2024-01-06T07:20:35.2996803Z,DateTime,06-01-2024,String,07,String,20,String,pat,String,Slash,String,859744281879511040,String,898857628292247604,String
20240106,df7df7aa-65b3-4c7d-95c5-6aeac8a254f0,2024-01-06T15:27:51.1404626Z,DateTime,06-01-2024,String,15,String,27,String,snuggle,String,Slash,String,859744281879511040,String,1053089636974592091,String
20240106,f33cd94f-6329-4f47-b01b-7d30cc54de30,2024-01-06T14:29:50.6208728Z,DateTime,06-01-2024,String,14,String,29,String,verify,String,Slash,String,859744281879511040,String,361655871190859776,String
20240106,f70a6d51-075c-4e59-ad55-1f9ef17ac3dc,2024-01-06T23:59:42.9479353Z,DateTime,06-01-2024,String,23,String,59,String,note add,String,Slash,String,859744281879511040,String,361655871190859776,String
20240107,0932eb89-b4e2-46ac-98ab-b7a0e2c16ac3,2024-01-07T03:56:29.0411926Z,DateTime,07-01-2024,String,03,String,56,String,verify,String,Slash,String,859744281879511040,String,361655871190859776,String
20240107,a76e4834-5f59-4de8-8571-2a1cf7ea923d,2024-01-07T00:00:26.9861791Z,DateTime,07-01-2024,String,00,String,00,String,verify,String,Slash,String,859744281879511040,String,361655871190859776,String
20240107,b8e34e11-8d51-436e-bd09-76ad1514dc19,2024-01-07T00:01:31.6777151Z,DateTime,07-01-2024,String,00,String,01,String,verify,String,Slash,String,859744281879511040,String,361655871190859776,String
20240107,e58cbc98-17bd-4cfb-98e1-b6b039c27199,2024-01-07T20:08:47.1047773Z,DateTime,07-01-2024,String,20,String,08,String,verify,String,Slash,String,859744281879511040,String,361655871190859776,String
20240108,760d3c4e-e3a1-45eb-bf66-416f09e9cc80,2024-01-08T20:13:32.996253Z,DateTime,08-01-2024,String,20,String,13,String,verify,String,Slash,String,859744281879511040,String,712950313547464756,String
20240108,9baa0f53-dc28-4045-a9ab-e8142688b9f6,2024-01-08T16:14:16.9184175Z,DateTime,08-01-2024,String,16,String,14,String,mailbox register,String,Slash,String,859744281879511040,String,1144733573300105256,String
20240109,147ee93b-2d2d-4d3d-8fa3-ec26a9707509,2024-01-09T22:14:41.0988109Z,DateTime,09-01-2024,String,22,String,14,String,group snuggle,String,Slash,String,859744281879511040,String,712950313547464756,String
20240109,2ecae04d-a6f2-4a67-b563-24e8cc5b8e06,2024-01-09T23:28:54.5643957Z,DateTime,09-01-2024,String,23,String,28,String,verify,String,Slash,String,859744281879511040,String,465234755429072906,String
20240109,60e7f1da-9643-4e70-b533-bbcfc9ffc82b,2024-01-09T19:33:58.4465048Z,DateTime,09-01-2024,String,19,String,33,String,verify,String,Slash,String,859744281879511040,String,361655871190859776,String
20240109,6877b295-6dd4-4ddb-8c90-1c185de0796d,2024-01-09T22:20:35.6627811Z,DateTime,09-01-2024,String,22,String,20,String,snuggle,String,Slash,String,859744281879511040,String,802997910157262888,String
20240109,9148cd21-efd0-4a68-8b66-2e1828205ee0,2024-01-09T09:43:21.0165866Z,DateTime,09-01-2024,String,09,String,43,String,call,String,Slash,String,1048722624261398548,String,712950313547464756,String
20240109,a2190bda-e2b1-4119-a7f7-943b46b57c66,2024-01-09T09:43:25.2390494Z,DateTime,09-01-2024,String,09,String,43,String,pat,String,Slash,String,1048722624261398548,String,712950313547464756,String
20240109,c50e05c4-26ac-4ca1-88b0-6544dd352070,2024-01-09T22:14:17.8190883Z,DateTime,09-01-2024,String,22,String,14,String,verify,String,Slash,String,859744281879511040,String,712950313547464756,String
20240109,cfffcbf1-cfb9-4dc9-bf05-9984ac147f98,2024-01-09T03:30:13.1575895Z,DateTime,09-01-2024,String,03,String,30,String,verify,String,Slash,String,859744281879511040,String,751149973692874894,String
20240109,dc5e5f70-1f34-4553-8dc4-308f0c6d7b53,2024-01-09T03:38:39.4138038Z,DateTime,09-01-2024,String,03,String,38,String,leaderboard bump,String,Slash,String,859744281879511040,String,1144733573300105256,String
20240109,f6f3f509-b5f1-4f1b-b495-ccb1629e5aac,2024-01-09T04:07:14.2234869Z,DateTime,09-01-2024,String,04,String,07,String,verify,String,Slash,String,859744281879511040,String,751149973692874894,String
20240109,f70a9f93-5357-4720-9739-52b659297051,2024-01-09T21:20:30.4702294Z,DateTime,09-01-2024,String,21,String,20,String,remindme,String,Slash,String,859744281879511040,String,712950313547464756,String
20240110,21bad759-6d66-4bcf-a519-b16464aeea02,2024-01-10T02:11:27.3296493Z,DateTime,10-01-2024,String,02,String,11,String,leaderboard bump,String,Slash,String,859744281879511040,String,1144733573300105256,String
20240110,375db790-bd6e-4f79-99a1-27ae8b444356,2024-01-10T09:10:35.5553468Z,DateTime,10-01-2024,String,09,String,10,String,verify,String,Slash,String,859744281879511040,String,712950313547464756,String
20240110,4e196930-3a01-4bf2-95df-779f5c85d751,2024-01-10T21:15:32.6400775Z,DateTime,10-01-2024,String,21,String,15,String,remindme,String,Slash,String,1048722624261398548,String,712950313547464756,String
20240110,4fb2d141-70cd-4825-bad0-4a7a9271746d,2024-01-10T19:48:32.9208477Z,DateTime,10-01-2024,String,19,String,48,String,verify,String,Slash,String,859744281879511040,String,361655871190859776,String
20240110,5427f4cd-de27-43b7-bad8-abdf527b6899,2024-01-10T23:34:52.2546088Z,DateTime,10-01-2024,String,23,String,34,String,remindme,String,Slash,String,859744281879511040,String,712950313547464756,String
20240110,8636984b-5c7c-4260-b6b7-6b8c5b218742,2024-01-10T21:27:18.6635729Z,DateTime,10-01-2024,String,21,String,27,String,pat,String,Slash,String,1048722624261398548,String,712950313547464756,String
20240110,95d37fb6-e410-4ab4-a704-1eaaadcec0e4,2024-01-10T03:26:47.9103601Z,DateTime,10-01-2024,String,03,String,26,String,leaderboard bump,String,Slash,String,859744281879511040,String,937128031288451102,String
20240110,9f6af121-ce9e-4b3d-b9ab-332d99689490,2024-01-10T21:27:12.8117146Z,DateTime,10-01-2024,String,21,String,27,String,call,String,Slash,String,1048722624261398548,String,712950313547464756,String
20240110,d0f24a44-2e92-4de6-bc05-68efe020ea9a,2024-01-10T20:07:53.9840179Z,DateTime,10-01-2024,String,20,String,07,String,snuggle,String,Slash,String,859744281879511040,String,739310062346043413,String
20240110,d106c823-48e8-4e0c-b2fb-f58eb8ffe6fb,2024-01-10T21:27:15.8731511Z,DateTime,10-01-2024,String,21,String,27,String,call,String,Slash,String,1048722624261398548,String,712950313547464756,String
20240111,12243fe1-c72b-460a-be8d-b9942cd5f88c,2024-01-11T16:52:48.8589962Z,DateTime,11-01-2024,String,16,String,52,String,partnership validate,String,Slash,String,859744281879511040,String,712950313547464756,String
20240111,170bcada-52f6-4514-8a3f-bc8a01392246,2024-01-11T16:51:23.4111405Z,DateTime,11-01-2024,String,16,String,51,String,partnership delete,String,Slash,String,859744281879511040,String,712950313547464756,String
20240111,5f5fb24e-9790-4047-993c-30bd12269a23,2024-01-11T04:05:19.0459918Z,DateTime,11-01-2024,String,04,String,05,String,note add,String,Slash,String,859744281879511040,String,751149973692874894,String
20240111,743b4bba-75bc-49c3-a9d5-a86334f5ec36,2024-01-11T20:46:34.0642678Z,DateTime,11-01-2024,String,20,String,46,String,leaderboard bump,String,Slash,String,859744281879511040,String,712950313547464756,String
20240111,7b5b1399-f04c-44b4-98cd-1313182aa3e1,2024-01-11T10:09:23.9985646Z,DateTime,11-01-2024,String,10,String,09,String,partnership search,String,Slash,String,859744281879511040,String,490279572625948672,String
20240111,c86da9cf-8030-4623-b87d-3a5d058c35a5,2024-01-11T23:55:15.2587544Z,DateTime,11-01-2024,String,23,String,55,String,verify,String,Slash,String,859744281879511040,String,361655871190859776,String
20240111,cfcb1375-ca97-4eef-aeac-c9d4385983b9,2024-01-11T18:56:21.779774Z,DateTime,11-01-2024,String,18,String,56,String,verify,String,Slash,String,859744281879511040,String,361655871190859776,String
20240111,e7439803-ac38-4e1a-8130-f723f276cc39,2024-01-11T10:09:39.5723156Z,DateTime,11-01-2024,String,10,String,09,String,partnership info,String,Slash,String,859744281879511040,String,490279572625948672,String
20240112,4deca83b-9b51-4a6a-954e-6d6b8a0d746f,2024-01-12T00:56:24.8384111Z,DateTime,12-01-2024,String,00,String,56,String,verify,String,Slash,String,859744281879511040,String,361655871190859776,String
20240112,95204a21-3eec-4f70-96a5-b2b7d6916eda,2024-01-12T21:59:52.955574Z,DateTime,12-01-2024,String,21,String,59,String,verify,String,Slash,String,859744281879511040,String,361655871190859776,String
20240112,9ada57f6-fe30-45d1-a9e2-1e84238de0d4,2024-01-12T14:23:40.9957292Z,DateTime,12-01-2024,String,14,String,23,String,verify,String,Slash,String,859744281879511040,String,361655871190859776,String
20240112,e5fcdfcb-fc50-4fef-b1bd-e708e61b4a6f,2024-01-12T02:28:38.7549357Z,DateTime,12-01-2024,String,02,String,28,String,verify,String,Slash,String,859744281879511040,String,361655871190859776,String
20240113,09ea664f-2054-4216-9c5b-43e6d7cb10aa,2024-01-13T06:26:10.7449878Z,DateTime,13-01-2024,String,06,String,26,String,note add,String,Slash,String,859744281879511040,String,361655871190859776,String
20240113,0faaa931-6b73-425d-ab8f-54f30022bb03,2024-01-13T11:24:41.1786853Z,DateTime,13-01-2024,String,11,String,24,String,snuggle,String,Slash,String,859744281879511040,String,661700416404193289,String
20240113,5042dc20-109f-4279-b1f6-9430720e0485,2024-01-13T06:25:16.7589958Z,DateTime,13-01-2024,String,06,String,25,String,verify,String,Slash,String,859744281879511040,String,361655871190859776,String
20240113,69f26a75-741d-4b1e-9196-cee967e749bf,2024-01-13T21:04:24.3922795Z,DateTime,13-01-2024,String,21,String,04,String,verify,String,Slash,String,859744281879511040,String,712950313547464756,String
20240113,a2eb28a7-280b-4159-8b17-f9716f73ac36,2024-01-13T02:31:25.5851193Z,DateTime,13-01-2024,String,02,String,31,String,verify,String,Slash,String,859744281879511040,String,361655871190859776,String
20240113,a486d747-b79c-425a-9108-1178157d8b90,2024-01-13T23:30:09.8814846Z,DateTime,13-01-2024,String,23,String,30,String,verify,String,Slash,String,859744281879511040,String,712950313547464756,String
20240113,dc47d823-e781-4b29-b2e6-daffb6998622,2024-01-13T11:47:26.8801936Z,DateTime,13-01-2024,String,11,String,47,String,Snuggle,String,UserContext,String,859744281879511040,String,712950313547464756,String
20240113,fb41e5f1-8212-40e3-87eb-34f42c3026ca,2024-01-13T05:27:48.0959105Z,DateTime,13-01-2024,String,05,String,27,String,snuggle,String,Slash,String,859744281879511040,String,1053089636974592091,String
20240114,0f079534-1b3e-4b18-a26a-3b8ddb589ac7,2024-01-14T21:02:13.1369981Z,DateTime,14-01-2024,String,21,String,02,String,verify,String,Slash,String,859744281879511040,String,712950313547464756,String
20240114,35d29dd0-4b2f-41b8-8e22-d165c3768138,2024-01-14T23:17:44.7671716Z,DateTime,14-01-2024,String,23,String,17,String,verify,String,Slash,String,859744281879511040,String,361655871190859776,String
20240114,3b7851c0-dc64-4e7f-9800-13f068de1723,2024-01-14T03:03:56.5337816Z,DateTime,14-01-2024,String,03,String,03,String,leaderboard bump,String,Slash,String,859744281879511040,String,1144733573300105256,String
20240114,42817334-9191-4f50-b39d-0166aa52c82b,2024-01-14T15:46:45.7937971Z,DateTime,14-01-2024,String,15,String,46,String,snuggle,String,Slash,String,859744281879511040,String,798565574963363870,String
20240114,6d4aa5e5-cb61-4488-9571-7bb85fbbf961,2024-01-14T23:18:29.7818009Z,DateTime,14-01-2024,String,23,String,18,String,verify,String,Slash,String,859744281879511040,String,361655871190859776,String
20240114,e4c52378-716d-400a-ba8a-b64c17597cfd,2024-01-14T01:57:27.3129387Z,DateTime,14-01-2024,String,01,String,57,String,verify,String,Slash,String,859744281879511040,String,361655871190859776,String
20240114,f251cf63-4b6f-4f61-a0bc-340843b21d9c,2024-01-14T03:03:51.9171732Z,DateTime,14-01-2024,String,03,String,03,String,leaderboard bump,String,Slash,String,859744281879511040,String,1144733573300105256,String
20240114,fc4c111a-3646-48eb-b4fd-4621614905a6,2024-01-14T07:49:38.4582814Z,DateTime,14-01-2024,String,07,String,49,String,snuggle,String,Slash,String,859744281879511040,String,465234755429072906,String
20240114,fe48e95d-e3b3-4179-9b42-1a5a4c04008c,2024-01-14T08:54:35.0233759Z,DateTime,14-01-2024,String,08,String,54,String,group snuggle,String,Slash,String,859744281879511040,String,661700416404193289,String
20240115,021c3d48-34de-4553-8896-4fec672396e8,2024-01-15T09:21:11.9345994Z,DateTime,15-01-2024,String,09,String,21,String,Snuggle,String,UserContext,String,859744281879511040,String,712950313547464756,String
20240115,d445c513-13f2-41ef-8173-034a18c4ba87,2024-01-15T04:54:46.7288736Z,DateTime,15-01-2024,String,04,String,54,String,Delete Message,String,MessageContext,String,859744281879511040,String,403937759452200961,String
20240115,effcf5f8-2244-4da5-8f3a-708995c268df,2024-01-15T04:47:52.1829826Z,DateTime,15-01-2024,String,04,String,47,String,group snuggle,String,Slash,String,859744281879511040,String,661700416404193289,String
20240116,2d97b85c-179b-4cae-8be2-4fbbc556714f,2024-01-16T19:05:50.8083463Z,DateTime,16-01-2024,String,19,String,05,String,feed treat,String,Slash,String,859744281879511040,String,712950313547464756,String
20240116,435f8fc9-c055-4d53-9136-1b17e1d1f7e4,2024-01-16T19:05:46.5562553Z,DateTime,16-01-2024,String,19,String,05,String,get treat,String,Slash,String,859744281879511040,String,712950313547464756,String
20240116,624c4299-3ca0-4bee-b5b8-971810c4c87b,2024-01-16T19:05:35.0212884Z,DateTime,16-01-2024,String,19,String,05,String,leaderboard feeding,String,Slash,String,859744281879511040,String,712950313547464756,String
20240116,75604ba8-4a75-4d27-8ee6-b6752d7b9aa4,2024-01-16T19:42:45.2558199Z,DateTime,16-01-2024,String,19,String,42,String,partnership search,String,Slash,String,859744281879511040,String,712950313547464756,String
20240116,e181658d-ab62-4e00-9d7d-136bbb6fad10,2024-01-16T22:09:18.2937665Z,DateTime,16-01-2024,String,22,String,09,String,verify,String,Slash,String,859744281879511040,String,712950313547464756,String
20240116,e73b943e-5829-42fd-89ee-09d1feaf7dd5,2024-01-16T19:42:59.0276028Z,DateTime,16-01-2024,String,19,String,42,String,partnership search,String,Slash,String,859744281879511040,String,712950313547464756,String
20240117,33cb116d-52e4-4f6d-b753-91b3ca47865d,2024-01-17T15:36:19.8308823Z,DateTime,17-01-2024,String,15,String,36,String,pat,String,Slash,String,1048722624261398548,String,712950313547464756,String
20240117,53030652-599e-4705-ac37-7999da710c14,2024-01-17T10:18:43.4551042Z,DateTime,17-01-2024,String,10,String,18,String,call,String,Slash,String,1048722624261398548,String,712950313547464756,String
20240117,6617cc31-d3be-4dc9-8078-b5f8e61970e2,2024-01-17T05:19:18.4044058Z,DateTime,17-01-2024,String,05,String,19,String,leaderboard bump,String,Slash,String,859744281879511040,String,751149973692874894,String
20240117,6c18b9df-4e24-4cd1-9476-42537bba87c5,2024-01-17T17:28:25.0899389Z,DateTime,17-01-2024,String,17,String,28,String,verify,String,Slash,String,859744281879511040,String,712950313547464756,String
20240117,75afffdc-286c-4bbf-a0eb-c3d134043244,2024-01-17T15:36:16.1281178Z,DateTime,17-01-2024,String,15,String,36,String,call,String,Slash,String,1048722624261398548,String,712950313547464756,String
20240117,cd33de54-997d-4602-8868-e728e7697a59,2024-01-17T10:18:47.8819796Z,DateTime,17-01-2024,String,10,String,18,String,leaderboard feeding,String,Slash,String,1048722624261398548,String,712950313547464756,String
20240117,e5cc522a-4f93-45c8-81f0-e55d450d712d,2024-01-17T18:01:09.4846658Z,DateTime,17-01-2024,String,18,String,01,String,verify,String,Slash,String,859744281879511040,String,712950313547464756,String
20240117,f47b8743-db30-4e9c-9c9a-e6e2480fe6eb,2024-01-17T17:28:00.8471643Z,DateTime,17-01-2024,String,17,String,28,String,verify,String,Slash,String,859744281879511040,String,712950313547464756,String
20240117,f9e29260-1389-4732-9ba0-c90a9e46db48,2024-01-17T10:18:51.0225438Z,DateTime,17-01-2024,String,10,String,18,String,leaderboard pingpong,String,Slash,String,1048722624261398548,String,712950313547464756,String
20240118,0272650d-8690-40bb-ac04-896a68464b1f,2024-01-18T22:53:23.9987528Z,DateTime,18-01-2024,String,22,String,53,String,snuggle,String,Slash,String,859744281879511040,String,1144733573300105256,String
20240118,04e60bf5-9efe-4743-a48e-e48965ad81d4,2024-01-18T18:20:39.7474033Z,DateTime,18-01-2024,String,18,String,20,String,tonetags,String,Slash,String,859744281879511040,String,712950313547464756,String
20240118,0e9a4fe8-1686-4efb-abc7-e0680d9f8bb1,2024-01-18T20:52:08.8026098Z,DateTime,18-01-2024,String,20,String,52,String,pat,String,Slash,String,1048722624261398548,String,712950313547464756,String
20240118,1554c7f1-ea23-4e63-ad1a-b5d1b8cc1c5f,2024-01-18T20:52:02.6134672Z,DateTime,18-01-2024,String,20,String,52,String,call,String,Slash,String,1048722624261398548,String,712950313547464756,String
20240118,2666a396-8bd1-487b-acfd-449620fa6a7e,2024-01-18T00:57:31.3478429Z,DateTime,18-01-2024,String,00,String,57,String,popper,String,Slash,String,859744281879511040,String,1180751619168677910,String
20240118,4755068e-30de-4f67-9a7d-984600e073cb,2024-01-18T00:55:09.8172603Z,DateTime,18-01-2024,String,00,String,55,String,verify,String,Slash,String,859744281879511040,String,361655871190859776,String
20240118,5fc72f52-f70d-4795-8483-110fa7b29c7c,2024-01-18T20:52:05.9878391Z,DateTime,18-01-2024,String,20,String,52,String,call,String,Slash,String,1048722624261398548,String,712950313547464756,String
20240118,605da764-f87c-49cf-8c7e-3667923a9b40,2024-01-18T16:31:28.9305045Z,DateTime,18-01-2024,String,16,String,31,String,verify,String,Slash,String,859744281879511040,String,712950313547464756,String
20240118,79dc574d-ce7b-4140-8f7e-3b64e643b4ce,2024-01-18T00:57:24.4939034Z,DateTime,18-01-2024,String,00,String,57,String,pat,String,Slash,String,859744281879511040,String,1180751619168677910,String
20240118,d5b5b420-0be0-4219-a0f5-9df3f5d9f489,2024-01-18T22:40:41.0608627Z,DateTime,18-01-2024,String,22,String,40,String,verify,String,Slash,String,859744281879511040,String,712950313547464756,String
20240118,de2e377b-9b61-4a5a-98f0-400d6c58b9c2,2024-01-18T00:55:52.1313534Z,DateTime,18-01-2024,String,00,String,55,String,verify,String,Slash,String,859744281879511040,String,361655871190859776,String
20240119,26643930-c848-40b2-a6ec-c00efc97d495,2024-01-19T21:20:40.9402806Z,DateTime,19-01-2024,String,21,String,20,String,verify,String,Slash,String,859744281879511040,String,712950313547464756,String
20240119,35b61e12-7748-4c8b-acd3-b203d16316cb,2024-01-19T21:16:01.2891975Z,DateTime,19-01-2024,String,21,String,16,String,call,String,Slash,String,859744281879511040,String,490279572625948672,String
20240119,43e05a2f-8385-47ff-ae67-6bcc534f17ce,2024-01-19T20:32:10.4845859Z,DateTime,19-01-2024,String,20,String,32,String,group snuggle,String,Slash,String,859744281879511040,String,465234755429072906,String
20240119,622cccc9-36ee-44d3-ac66-8ed89c32ab88,2024-01-19T05:03:46.24939Z,DateTime,19-01-2024,String,05,String,03,String,verify,String,Slash,String,859744281879511040,String,361655871190859776,String
20240119,6365857d-487e-4b5c-a1c2-e09ec9ee8481,2024-01-19T09:23:54.162376Z,DateTime,19-01-2024,String,09,String,23,String,Snuggle,String,UserContext,String,859744281879511040,String,712950313547464756,String
20240119,a4e62e1a-078c-46f3-b0d1-e39cf027a775,2024-01-19T11:28:51.0147733Z,DateTime,19-01-2024,String,11,String,28,String,verify,String,Slash,String,859744281879511040,String,712950313547464756,String
20240119,b04c29bd-c799-4f41-a22d-e61c3bb90ae7,2024-01-19T09:23:46.5214692Z,DateTime,19-01-2024,String,09,String,23,String,Snuggle,String,UserContext,String,859744281879511040,String,712950313547464756,String
20240119,bb0e4a4d-5c1c-4786-9aec-373fc02dd6b2,2024-01-19T20:32:19.0439386Z,DateTime,19-01-2024,String,20,String,32,String,verify,String,Slash,String,859744281879511040,String,712950313547464756,String
20240119,f15a840e-7d16-4033-bf03-c2e3bb5c4a5a,2024-01-19T08:24:58.9652538Z,DateTime,19-01-2024,String,08,String,24,String,group snuggle,String,Slash,String,859744281879511040,String,661700416404193289,String
20240120,68be56a7-0da7-46e9-adeb-a8ec08f960a3,2024-01-20T06:36:00.4245633Z,DateTime,20-01-2024,String,06,String,36,String,verify,String,Slash,String,859744281879511040,String,361655871190859776,String
20240121,09bb2226-2140-4d5e-9dae-e57775d1ec77,2024-01-21T19:28:56.3777764Z,DateTime,21-01-2024,String,19,String,28,String,verify,String,Slash,String,859744281879511040,String,712950313547464756,String
20240121,3ec49cfc-e72c-4b89-beef-75f25eb63df0,2024-01-21T06:07:24.8431431Z,DateTime,21-01-2024,String,06,String,07,String,verify,String,Slash,String,859744281879511040,String,361655871190859776,String
20240121,401721b2-3455-4e0f-8a77-a7b29176e894,2024-01-21T07:21:18.8357377Z,DateTime,21-01-2024,String,07,String,21,String,snuggle,String,Slash,String,859744281879511040,String,661700416404193289,String
20240121,62e89341-5f14-40b2-9cd7-8da8f24c41f9,2024-01-21T16:48:15.0086165Z,DateTime,21-01-2024,String,16,String,48,String,leaderboard bump,String,Slash,String,859744281879511040,String,1144733573300105256,String
20240121,83cb469d-29b5-4ee9-9b85-8714083d0f43,2024-01-21T02:17:21.1173995Z,DateTime,21-01-2024,String,02,String,17,String,verify,String,Slash,String,859744281879511040,String,361655871190859776,String
20240121,8f318310-52f0-44c0-8673-82826b96c04a,2024-01-21T10:49:23.2512923Z,DateTime,21-01-2024,String,10,String,49,String,Snuggle,String,UserContext,String,859744281879511040,String,712950313547464756,String
20240121,d8d1f7cf-21cc-4111-99c4-1e9604017798,2024-01-21T07:21:08.7154137Z,DateTime,21-01-2024,String,07,String,21,String,snuggle,String,Slash,String,859744281879511040,String,661700416404193289,String
20240122,00a0e8ae-403c-4090-8351-c2610a80b94e,2024-01-22T19:47:49.2471966Z,DateTime,22-01-2024,String,19,String,47,String,verify,String,Slash,String,859744281879511040,String,361655871190859776,String
20240122,16987595-7a9a-4529-b2e3-224f4c2bc191,2024-01-22T03:44:11.9502917Z,DateTime,22-01-2024,String,03,String,44,String,verify,String,Slash,String,859744281879511040,String,361655871190859776,String
20240122,52ca3e43-ef7c-4fec-b8d5-3c7cd68fdcec,2024-01-22T19:11:25.9329248Z,DateTime,22-01-2024,String,19,String,11,String,note add,String,Slash,String,859744281879511040,String,751149973692874894,String
20240122,675bca98-b38e-41f3-9a4a-f794a2ccbe5f,2024-01-22T23:54:55.436964Z,DateTime,22-01-2024,String,23,String,54,String,snuggle,String,Slash,String,859744281879511040,String,1129981544942022769,String
20240122,74dfc1a3-29c1-48be-acd8-b1d750b9392b,2024-01-22T16:10:22.0888685Z,DateTime,22-01-2024,String,16,String,10,String,verify,String,Slash,String,859744281879511040,String,361655871190859776,String
20240122,77d66a33-a3fa-49ae-9508-4c2646aa8a96,2024-01-22T05:20:04.5026554Z,DateTime,22-01-2024,String,05,String,20,String,snuggle,String,Slash,String,859744281879511040,String,1144733573300105256,String
20240122,79cedcde-4ff6-4319-b65a-0f5a5352657b,2024-01-22T22:15:34.0835104Z,DateTime,22-01-2024,String,22,String,15,String,verify,String,Slash,String,859744281879511040,String,712950313547464756,String
20240122,842f1f59-4420-4ad2-8f5f-f64da8c79879,2024-01-22T19:46:39.493949Z,DateTime,22-01-2024,String,19,String,46,String,verify,String,Slash,String,859744281879511040,String,361655871190859776,String
20240122,c01e0e66-be4b-4185-b294-6f5fc3e842c7,2024-01-22T23:55:10.5394974Z,DateTime,22-01-2024,String,23,String,55,String,group snuggle,String,Slash,String,859744281879511040,String,1129981544942022769,String
20240122,e8cc67bd-32f9-4c31-bee2-7b21028ad24a,2024-01-22T23:57:07.6882798Z,DateTime,22-01-2024,String,23,String,57,String,snuggle,String,Slash,String,859744281879511040,String,901508123578216539,String
20240123,09338cb8-01b1-4d36-b04b-aec7f1e672be,2024-01-23T23:59:41.1246152Z,DateTime,23-01-2024,String,23,String,59,String,verify,String,Slash,String,859744281879511040,String,712950313547464756,String
20240123,17b8704f-f8df-40f5-b23f-843602ae1510,2024-01-23T23:17:54.1884595Z,DateTime,23-01-2024,String,23,String,17,String,verify,String,Slash,String,859744281879511040,String,712950313547464756,String
20240123,251d3630-7d8e-44ab-9ab6-5bab23c1a40b,2024-01-23T17:21:51.958665Z,DateTime,23-01-2024,String,17,String,21,String,verify,String,Slash,String,859744281879511040,String,712950313547464756,String
20240123,2664bfd8-c80b-4bc1-a68c-a6ae8803db90,2024-01-23T17:22:19.287391Z,DateTime,23-01-2024,String,17,String,22,String,verify,String,Slash,String,859744281879511040,String,712950313547464756,String
20240123,427077c6-3aaa-4555-8712-acce46e80a83,2024-01-23T13:59:34.3971176Z,DateTime,23-01-2024,String,13,String,59,String,snuggle,String,Slash,String,859744281879511040,String,802997910157262888,String
20240123,6498e90c-f1f6-4d29-b19b-c891e701ed75,2024-01-23T21:26:00.5229287Z,DateTime,23-01-2024,String,21,String,26,String,snuggle,String,Slash,String,859744281879511040,String,1129981544942022769,String
20240123,841430ef-0f4a-46ad-a4cb-fbf92f5f99f9,2024-01-23T15:39:33.5922584Z,DateTime,23-01-2024,String,15,String,39,String,leaderboard bump,String,Slash,String,859744281879511040,String,1144733573300105256,String
20240123,a8739d7a-77a8-4f47-a7e5-5ba12672a2ca,2024-01-23T21:26:18.8598895Z,DateTime,23-01-2024,String,21,String,26,String,make biscuits,String,Slash,String,859744281879511040,String,802997910157262888,String
20240123,b70875a9-1560-434d-81ae-552f8166a90d,2024-01-23T10:52:55.4305587Z,DateTime,23-01-2024,String,10,String,52,String,note add,String,Slash,String,859744281879511040,String,751149973692874894,String
20240123,cc811da5-bf89-44af-aba4-f90bbdf97200,2024-01-23T20:30:43.5657283Z,DateTime,23-01-2024,String,20,String,30,String,verify,String,Slash,String,859744281879511040,String,712950313547464756,String
20240124,0298c3d8-6021-41c8-a334-aa9586c1e524,2024-01-24T03:25:32.9626868Z,DateTime,24-01-2024,String,03,String,25,String,snuggle,String,Slash,String,859744281879511040,String,1144733573300105256,String
20240124,094a0b4e-2196-4f49-a17f-e67a4579197c,2024-01-24T17:24:32.0690051Z,DateTime,24-01-2024,String,17,String,24,String,verify,String,Slash,String,859744281879511040,String,712950313547464756,String
20240124,1c2ec05e-91c8-4571-a6c5-9509268dec89,2024-01-24T03:03:38.255389Z,DateTime,24-01-2024,String,03,String,03,String,snuggle,String,Slash,String,859744281879511040,String,661700416404193289,String
20240124,303fa49f-df01-4b55-a1b5-e80fb1a02e85,2024-01-24T03:03:28.3187467Z,DateTime,24-01-2024,String,03,String,03,String,snuggle,String,Slash,String,859744281879511040,String,661700416404193289,String
20240124,5032881e-a692-47f8-acc2-b83bdffc9701,2024-01-24T09:12:10.2947536Z,DateTime,24-01-2024,String,09,String,12,String,Snuggle,String,UserContext,String,859744281879511040,String,712950313547464756,String
20240124,6e4da5c7-7267-4fad-af8f-be1393e0617c,2024-01-24T16:04:57.8201489Z,DateTime,24-01-2024,String,16,String,04,String,snuggle,String,Slash,String,859744281879511040,String,901508123578216539,String
20240124,8fb14621-7f9a-4893-8fb7-511e0fb447c5,2024-01-24T11:46:34.4990947Z,DateTime,24-01-2024,String,11,String,46,String,snuggle,String,Slash,String,859744281879511040,String,465234755429072906,String
20240124,db94bb46-7907-4f6c-97b9-18739d63724d,2024-01-24T20:14:59.5750208Z,DateTime,24-01-2024,String,20,String,14,String,leaderboard bump,String,Slash,String,859744281879511040,String,1144733573300105256,String
20240124,e3985364-53a1-47ea-a190-c70872b31e2b,2024-01-24T11:46:42.1866839Z,DateTime,24-01-2024,String,11,String,46,String,snuggle,String,Slash,String,859744281879511040,String,465234755429072906,String
20240125,20fa950d-9bf3-428e-9061-109665614a4d,2024-01-25T22:48:13.4007772Z,DateTime,25-01-2024,String,22,String,48,String,snuggle,String,Slash,String,859744281879511040,String,465234755429072906,String
20240125,43cf81a8-59c0-4b52-a52b-1232c37a08cc,2024-01-25T20:57:34.9224759Z,DateTime,25-01-2024,String,20,String,57,String,partnership info,String,Slash,String,859744281879511040,String,712950313547464756,String
20240125,4bbb4ee9-ef5d-4b85-861c-21714ade6899,2024-01-25T22:45:59.7621824Z,DateTime,25-01-2024,String,22,String,45,String,snuggle,String,Slash,String,859744281879511040,String,465234755429072906,String
20240125,5c97f84f-26cf-4105-b760-7ea2527eda0e,2024-01-25T20:07:50.9298568Z,DateTime,25-01-2024,String,20,String,07,String,resources,String,Slash,String,859744281879511040,String,1144733573300105256,String
20240125,6b603bfc-f0ab-4079-905f-e87950282c01,2024-01-25T22:47:35.1798959Z,DateTime,25-01-2024,String,22,String,47,String,snuggle,String,Slash,String,859744281879511040,String,465234755429072906,String
20240125,739df320-f667-4a5d-8097-ebf5771c59ef,2024-01-25T08:10:46.8851549Z,DateTime,25-01-2024,String,08,String,10,String,group snuggle,String,Slash,String,859744281879511040,String,465234755429072906,String
20240125,88b32a1c-9694-498f-90bc-9083812ec97d,2024-01-25T20:57:25.2934478Z,DateTime,25-01-2024,String,20,String,57,String,partnership search,String,Slash,String,859744281879511040,String,712950313547464756,String
20240125,90dbc575-c524-4529-b234-2e7dd501ac01,2024-01-25T13:07:56.1026944Z,DateTime,25-01-2024,String,13,String,07,String,snuggle,String,Slash,String,859744281879511040,String,465234755429072906,String
20240125,9e71ab5a-4dbb-4db9-a1dc-7627d63a53eb,2024-01-25T21:27:33.4067185Z,DateTime,25-01-2024,String,21,String,27,String,partnership delete,String,Slash,String,859744281879511040,String,712950313547464756,String
20240125,a8d85bb2-7248-4819-932c-966e9c51f661,2024-01-25T22:52:52.1179962Z,DateTime,25-01-2024,String,22,String,52,String,snuggle,String,Slash,String,859744281879511040,String,1129981544942022769,String
20240125,b05e9aa5-485c-4e17-8ac6-b9fad371e5ca,2024-01-25T22:52:44.0496339Z,DateTime,25-01-2024,String,22,String,52,String,snuggle,String,Slash,String,859744281879511040,String,1129981544942022769,String
20240125,bf9b6891-c98a-4f87-ba1e-e1e531ec3b14,2024-01-25T13:05:00.1620223Z,DateTime,25-01-2024,String,13,String,05,String,snuggle,String,Slash,String,859744281879511040,String,465234755429072906,String
20240125,c466fb3f-a908-4569-85bf-05d715108f98,2024-01-25T09:23:17.6570082Z,DateTime,25-01-2024,String,09,String,23,String,tonetags,String,Slash,String,859744281879511040,String,712950313547464756,String
20240125,c52240cc-a5ea-4bb8-84f1-c59d6d36b405,2024-01-25T21:51:50.4666968Z,DateTime,25-01-2024,String,21,String,51,String,snuggle,String,Slash,String,859744281879511040,String,802997910157262888,String
20240125,f6ec2607-3ef8-4dfc-bfb7-944472c57845,2024-01-25T07:55:33.6686855Z,DateTime,25-01-2024,String,07,String,55,String,note add,String,Slash,String,859744281879511040,String,465234755429072906,String
20240126,03734740-0da4-492d-b9c2-7480ffb6d244,2024-01-26T13:06:15.4057899Z,DateTime,26-01-2024,String,13,String,06,String,pat,String,Slash,String,1048722624261398548,String,712950313547464756,String
20240126,18dc6818-55be-45a3-8fa8-9d9ade459037,2024-01-26T13:07:29.7176575Z,DateTime,26-01-2024,String,13,String,07,String,help,String,Slash,String,859744281879511040,String,712950313547464756,String
20240126,37ea7c58-dfaa-4649-b1ae-d662df5e015f,2024-01-26T13:07:56.3022716Z,DateTime,26-01-2024,String,13,String,07,String,help,String,Slash,String,1048722624261398548,String,712950313547464756,String
20240126,3c5a0023-1c03-4bf8-a9a0-99a7c1f0add6,2024-01-26T13:06:11.7150925Z,DateTime,26-01-2024,String,13,String,06,String,call,String,Slash,String,1048722624261398548,String,712950313547464756,String
20240126,502ed0a8-4992-4ccf-adb4-203d8dd9ce64,2024-01-26T13:06:20.2912298Z,DateTime,26-01-2024,String,13,String,06,String,pat,String,Slash,String,1048722624261398548,String,712950313547464756,String
20240126,64318439-0a7c-434e-9d61-371a219b79a7,2024-01-26T08:54:02.6462844Z,DateTime,26-01-2024,String,08,String,54,String,group snuggle,String,Slash,String,859744281879511040,String,901508123578216539,String
20240126,6b5884a1-a4d9-45d6-89ed-176ab5484875,2024-01-26T08:24:18.1046853Z,DateTime,26-01-2024,String,08,String,24,String,snuggle,String,Slash,String,859744281879511040,String,465234755429072906,String
20240126,85b1ed33-d420-4b1f-bf50-6ecb097ed161,2024-01-26T13:25:33.3503501Z,DateTime,26-01-2024,String,13,String,25,String,leaderboard,String,Slash,String,859744281879511040,String,712950313547464756,String
20240126,86646a8a-2931-4d28-823d-c6ea3c85d8c4,2024-01-26T12:57:25.6223305Z,DateTime,26-01-2024,String,12,String,57,String,leaderboard,String,Slash,String,859744281879511040,String,712950313547464756,String
20240126,962460f9-d9e9-4488-8d86-d8eef7243b8e,2024-01-26T13:24:10.9487423Z,DateTime,26-01-2024,String,13,String,24,String,leaderboard,String,Slash,String,859744281879511040,String,465234755429072906,String
20240126,9aa93288-c855-4739-b3a7-4f5b336ce526,2024-01-26T13:06:24.8971669Z,DateTime,26-01-2024,String,13,String,06,String,help,String,Slash,String,1048722624261398548,String,712950313547464756,String
20240126,a333d222-c344-4252-857e-b7430bae0e91,2024-01-26T13:06:07.8389419Z,DateTime,26-01-2024,String,13,String,06,String,call,String,Slash,String,1048722624261398548,String,712950313547464756,String
20240126,b0fe4ef5-d171-4968-8eb0-490c2e6172b2,2024-01-26T14:23:48.3321754Z,DateTime,26-01-2024,String,14,String,23,String,snuggle,String,Slash,String,859744281879511040,String,1048426545187934269,String
20240126,bf356dec-2d7c-4538-aca6-099413ee13cb,2024-01-26T12:57:13.0620177Z,DateTime,26-01-2024,String,12,String,57,String,leaderboard,String,Slash,String,859744281879511040,String,712950313547464756,String
20240126,c6c4320f-d550-4a1a-98e8-1e5d414a35df,2024-01-26T03:53:58.5611326Z,DateTime,26-01-2024,String,03,String,53,String,snuggle,String,Slash,String,859744281879511040,String,661700416404193289,String
20240126,ecaf3777-6b17-4a0c-bcc1-00524db0ef47,2024-01-26T12:59:26.8793125Z,DateTime,26-01-2024,String,12,String,59,String,leaderboard,String,Slash,String,859744281879511040,String,712950313547464756,String
20240127,0ee406ca-48e1-4c90-951e-34a1531a0b0a,2024-01-27T17:37:24.719386Z,DateTime,27-01-2024,String,17,String,37,String,leaderboard,String,Slash,String,859744281879511040,String,1144733573300105256,String
20240127,40fad71b-8e44-4969-9857-d14a44c7b558,2024-01-27T18:35:43.2681076Z,DateTime,27-01-2024,String,18,String,35,String,verify,String,Slash,String,859744281879511040,String,712950313547464756,String
20240127,8394f096-3901-4ee2-b0bc-7734c90520e6,2024-01-27T08:48:11.4462077Z,DateTime,27-01-2024,String,08,String,48,String,note add,String,Slash,String,859744281879511040,String,712950313547464756,String
20240127,8d502566-6ec2-42b6-80ff-8981d3c6c57d,2024-01-27T12:40:04.6037092Z,DateTime,27-01-2024,String,12,String,40,String,verify,String,Slash,String,859744281879511040,String,361655871190859776,String
20240127,98d0e102-fd2b-4de2-bd5d-4db5c57f7d65,2024-01-27T20:43:29.7777774Z,DateTime,27-01-2024,String,20,String,43,String,verify,String,Slash,String,859744281879511040,String,712950313547464756,String
20240127,cd87adbe-5955-4999-a49c-75123a36f8fa,2024-01-27T08:50:17.3724422Z,DateTime,27-01-2024,String,08,String,50,String,verify,String,Slash,String,859744281879511040,String,712950313547464756,String
20240128,2f589b33-11ee-4986-b2c1-afb7a07b1db0,2024-01-28T20:02:09.3387792Z,DateTime,28-01-2024,String,20,String,02,String,verify,String,Slash,String,859744281879511040,String,361655871190859776,String
20240128,34da8ab6-dea9-4a7e-8372-5033c028ee2f,2024-01-28T11:50:02.86529Z,DateTime,28-01-2024,String,11,String,50,String,leaderboard,String,Slash,String,859744281879511040,String,712950313547464756,String
20240128,5781a273-d891-43d8-8e0c-b837968ba77a,2024-01-28T15:40:16.4568743Z,DateTime,28-01-2024,String,15,String,40,String,verify,String,Slash,String,859744281879511040,String,712950313547464756,String
20240128,7367519b-1825-4771-bdf4-c22b850a3295,2024-01-28T15:47:14.6417987Z,DateTime,28-01-2024,String,15,String,47,String,verify,String,Slash,String,859744281879511040,String,712950313547464756,String
20240128,8adf5d85-0a2c-435d-aaf6-69d2095a3ca6,2024-01-28T00:06:42.4919356Z,DateTime,28-01-2024,String,00,String,06,String,verify,String,Slash,String,859744281879511040,String,712950313547464756,String
20240128,bd3bc1cf-2539-4996-9063-5f08b04b2edf,2024-01-28T13:09:15.7660866Z,DateTime,28-01-2024,String,13,String,09,String,verify,String,Slash,String,859744281879511040,String,712950313547464756,String
20240128,f3e76aad-d54f-4b7a-a296-a7a6e5b17293,2024-01-28T23:16:56.5201758Z,DateTime,28-01-2024,String,23,String,16,String,verify,String,Slash,String,859744281879511040,String,361655871190859776,String
20240129,05d8d4ac-175b-4a44-9c7d-0ebcf3a7ddcb,2024-01-29T11:50:49.7022374Z,DateTime,29-01-2024,String,11,String,50,String,Snuggle,String,UserContext,String,859744281879511040,String,712950313547464756,String
20240129,37ebc121-4933-451b-9abd-1d79af8679ec,2024-01-29T19:39:57.0230542Z,DateTime,29-01-2024,String,19,String,39,String,verify,String,Slash,String,859744281879511040,String,361655871190859776,String
20240129,3cfb8ab6-6a60-4ace-b77b-b301f8d91a3e,2024-01-29T21:47:15.7286807Z,DateTime,29-01-2024,String,21,String,47,String,verify,String,Slash,String,859744281879511040,String,712950313547464756,String
20240129,42d2ebb9-a0c5-4ffb-aad4-093b6742bb03,2024-01-29T11:16:22.5868757Z,DateTime,29-01-2024,String,11,String,16,String,snuggle,String,Slash,String,859744281879511040,String,661700416404193289,String
20240129,4fdbf2ce-d634-4265-a437-b13f820b3137,2024-01-29T23:03:09.2450799Z,DateTime,29-01-2024,String,23,String,03,String,verify,String,Slash,String,859744281879511040,String,712950313547464756,String
20240129,6ba2e977-82bc-43d9-adfa-1aba6a2634ee,2024-01-29T16:08:00.9149715Z,DateTime,29-01-2024,String,16,String,08,String,invite create,String,Slash,String,859744281879511040,String,712950313547464756,String
20240129,83673c20-415e-4cca-82a1-a9b0f10051ee,2024-01-29T08:51:58.8612635Z,DateTime,29-01-2024,String,08,String,51,String,verify,String,Slash,String,859744281879511040,String,361655871190859776,String
20240129,881e7926-c053-4c84-bc51-a1e107fe0cc7,2024-01-29T16:11:27.4559249Z,DateTime,29-01-2024,String,16,String,11,String,partnership add,String,Slash,String,859744281879511040,String,712950313547464756,String
20240129,cdbe20d4-681d-4d13-b779-939193d1d3f1,2024-01-29T19:22:57.2768483Z,DateTime,29-01-2024,String,19,String,22,String,verify,String,Slash,String,859744281879511040,String,361655871190859776,String
20240129,dddadbfb-c073-421d-ae45-6e174184be6f,2024-01-29T11:16:11.5154352Z,DateTime,29-01-2024,String,11,String,16,String,snuggle,String,Slash,String,859744281879511040,String,661700416404193289,String
20240130,19c36a73-70df-4640-97fc-1f50d7bcae59,2024-01-30T22:31:29.5980911Z,DateTime,30-01-2024,String,22,String,31,String,tonetags,String,Slash,String,859744281879511040,String,490279572625948672,String
20240130,22c1b37b-32ca-46b5-b5ad-1fa2a91e76b1,2024-01-30T12:35:30.1410894Z,DateTime,30-01-2024,String,12,String,35,String,leaderboard,String,Slash,String,859744281879511040,String,1144733573300105256,String
20240130,39c97030-6d40-4d8f-aafe-dcf7030dcda5,2024-01-30T11:51:14.8619143Z,DateTime,30-01-2024,String,11,String,51,String,help,String,Slash,String,859744281879511040,String,712950313547464756,String
20240130,4dfb1dc5-38b1-48d0-8728-fb321ade2658,2024-01-30T22:35:45.0263097Z,DateTime,30-01-2024,String,22,String,35,String,tonetags,String,Slash,String,859744281879511040,String,490279572625948672,String
20240130,65524679-6866-4167-ab79-4c665672fb94,2024-01-30T22:29:06.8809808Z,DateTime,30-01-2024,String,22,String,29,String,tonetags,String,Slash,String,859744281879511040,String,712950313547464756,String
20240130,6711a3ff-8afe-4d0d-9702-a003cb36bfd7,2024-01-30T15:20:49.9393863Z,DateTime,30-01-2024,String,15,String,20,String,verify,String,Slash,String,859744281879511040,String,361655871190859776,String
20240130,81984f61-38b4-4ef9-8a98-eb339dfbfd1c,2024-01-30T08:21:42.261944Z,DateTime,30-01-2024,String,08,String,21,String,verify,String,Slash,String,859744281879511040,String,751149973692874894,String
20240130,88293c49-0fe8-4e5e-9a03-af2c0687ac95,2024-01-30T19:00:40.2697289Z,DateTime,30-01-2024,String,19,String,00,String,verify,String,Slash,String,859744281879511040,String,712950313547464756,String
20240130,be356314-780a-4817-9aff-5c47bfba4cf7,2024-01-30T22:34:08.6157875Z,DateTime,30-01-2024,String,22,String,34,String,tonetags,String,Slash,String,859744281879511040,String,490279572625948672,String
20240131,6d7b7d34-52a2-4971-b925-4de0f9d4d539,2024-01-31T09:28:02.946648Z,DateTime,31-01-2024,String,09,String,28,String,notes,String,Slash,String,859744281879511040,String,712950313547464756,String
20240131,6dff435b-5217-4ef0-a405-dd8b2f97614b,2024-01-31T19:26:26.9124876Z,DateTime,31-01-2024,String,19,String,26,String,partnership search,String,Slash,String,859744281879511040,String,712950313547464756,String
20240131,ab4b612a-8947-4628-b60d-95fa115486a4,2024-01-31T01:50:03.7725123Z,DateTime,31-01-2024,String,01,String,50,String,verify,String,Slash,String,859744281879511040,String,361655871190859776,String
20240131,afddcbad-c9a1-4abd-a710-01e99f0c7aca,2024-01-31T05:53:25.3693033Z,DateTime,31-01-2024,String,05,String,53,String,leaderboard,String,Slash,String,859744281879511040,String,1144733573300105256,String
20240131,ea91cd03-d5df-43d5-a479-448350a5273f,2024-01-31T09:27:36.8323198Z,DateTime,31-01-2024,String,09,String,27,String,verify,String,Slash,String,859744281879511040,String,712950313547464756,String
20240131,ffc0a49e-1887-4176-b91f-50d0141a2355,2024-01-31T09:29:06.3715431Z,DateTime,31-01-2024,String,09,String,29,String,verify,String,Slash,String,859744281879511040,String,712950313547464756,String
20240201,1e1bddcf-03e3-4bde-a3af-1a66e8c7bba9,2024-02-01T16:39:03.5769922Z,DateTime,01-02-2024,String,16,String,39,String,verify,String,Slash,String,859744281879511040,String,361655871190859776,String
20240201,59f88061-ff3a-4faf-9b42-637688fd401e,2024-02-01T17:03:20.5396324Z,DateTime,01-02-2024,String,17,String,03,String,verify,String,Slash,String,859744281879511040,String,361655871190859776,String
20240201,5ee4b976-105b-479c-b332-9d32cbf76cc7,2024-02-01T20:38:36.5195613Z,DateTime,01-02-2024,String,20,String,38,String,verify,String,Slash,String,859744281879511040,String,712950313547464756,String
20240201,6c72738b-d2a4-497d-b5f6-18270827ae78,2024-02-01T15:13:44.1178635Z,DateTime,01-02-2024,String,15,String,13,String,verify,String,Slash,String,859744281879511040,String,361655871190859776,String
20240201,d3fb3cdb-dcbe-40ea-9a8b-172d98f01fe9,2024-02-01T23:23:36.4012766Z,DateTime,01-02-2024,String,23,String,23,String,verify,String,Slash,String,859744281879511040,String,712950313547464756,String
20240201,d8421a65-a8db-475f-9588-36929f26cced,2024-02-01T17:03:45.2882036Z,DateTime,01-02-2024,String,17,String,03,String,verify,String,Slash,String,859744281879511040,String,361655871190859776,String
20240202,246d99e6-dd25-469c-8452-f9d794b4faf2,2024-02-02T17:45:09.4820626Z,DateTime,02-02-2024,String,17,String,45,String,snuggle,String,Slash,String,859744281879511040,String,465234755429072906,String
20240202,3f2c9b0c-560c-4b86-ad72-cbaf13d94b0f,2024-02-02T21:36:01.2074627Z,DateTime,02-02-2024,String,21,String,36,String,verify,String,Slash,String,859744281879511040,String,712950313547464756,String
20240202,427a6590-f704-449d-8b49-cf72d85fe058,2024-02-02T09:41:21.6220499Z,DateTime,02-02-2024,String,09,String,41,String,verify,String,Slash,String,859744281879511040,String,712950313547464756,String
20240202,4f39225d-8155-436a-8c79-48cae0c20177,2024-02-02T17:08:15.9738202Z,DateTime,02-02-2024,String,17,String,08,String,verify,String,Slash,String,859744281879511040,String,712950313547464756,String
20240202,7aa202ec-e5c8-47d1-80f7-a62e3cfe2cd8,2024-02-02T12:33:32.0935745Z,DateTime,02-02-2024,String,12,String,33,String,partnership info,String,Slash,String,859744281879511040,String,490279572625948672,String
20240202,7e6f3ac2-6976-4ce4-8599-e27f44c5e624,2024-02-02T23:32:31.2351827Z,DateTime,02-02-2024,String,23,String,32,String,verify,String,Slash,String,859744281879511040,String,712950313547464756,String
20240202,aae3af43-637e-4909-bba1-3a2530f70448,2024-02-02T17:08:33.7614127Z,DateTime,02-02-2024,String,17,String,08,String,verify,String,Slash,String,859744281879511040,String,712950313547464756,String
20240202,b33fb761-9874-4dda-8ac5-cf41522f6a30,2024-02-02T23:33:19.0825654Z,DateTime,02-02-2024,String,23,String,33,String,note add,String,Slash,String,859744281879511040,String,712950313547464756,String
20240202,bcba6b37-0569-4c36-9819-e224755ff338,2024-02-02T15:09:38.1673952Z,DateTime,02-02-2024,String,15,String,09,String,verify,String,Slash,String,859744281879511040,String,361655871190859776,String
20240202,c4a7f9a0-ac8b-47ee-848b-09fef0334c2f,2024-02-02T16:41:23.3428517Z,DateTime,02-02-2024,String,16,String,41,String,verify,String,Slash,String,859744281879511040,String,361655871190859776,String
20240203,0d20958f-3f2e-4d87-aaaa-be03198ff2b6,2024-02-03T03:47:43.5839164Z,DateTime,03-02-2024,String,03,String,47,String,verify,String,Slash,String,859744281879511040,String,361655871190859776,String
20240203,2ecbe6d8-5ce1-4b14-b025-904a17f53917,2024-02-03T00:06:09.0058392Z,DateTime,03-02-2024,String,00,String,06,String,partnership validate,String,Slash,String,859744281879511040,String,712950313547464756,String
20240203,557fe431-7c48-491a-b3ac-7a7ba793e5dd,2024-02-03T02:24:13.349399Z,DateTime,03-02-2024,String,02,String,24,String,verify,String,Slash,String,859744281879511040,String,361655871190859776,String
20240203,5ae7173a-213c-43c3-811d-10a6cc547544,2024-02-03T17:41:22.5651344Z,DateTime,03-02-2024,String,17,String,41,String,headbunt,String,Slash,String,859744281879511040,String,1144733573300105256,String
20240203,7876d974-8b90-4492-b656-fb61a8eed848,2024-02-03T05:09:04.582166Z,DateTime,03-02-2024,String,05,String,09,String,leaderboard,String,Slash,String,859744281879511040,String,1144733573300105256,String
20240203,790303c9-015d-40c9-ba95-c42570e27445,2024-02-03T17:41:07.9830761Z,DateTime,03-02-2024,String,17,String,41,String,snuggle,String,Slash,String,859744281879511040,String,1144733573300105256,String
20240203,8071bf68-e7da-413a-a9b9-6096a948e46b,2024-02-03T00:06:38.3817651Z,DateTime,03-02-2024,String,00,String,06,String,invite validate,String,Slash,String,859744281879511040,String,712950313547464756,String
20240203,e63822ce-47fd-428b-aca4-a516cb8f36bb,2024-02-03T04:07:51.5557823Z,DateTime,03-02-2024,String,04,String,07,String,snuggle,String,Slash,String,859744281879511040,String,751149973692874894,String
20240204,012ae392-16a1-4aba-9fb1-0d66f09f9eda,2024-02-04T15:41:35.0779834Z,DateTime,04-02-2024,String,15,String,41,String,verify,String,Slash,String,859744281879511040,String,751149973692874894,String
20240204,0de92a75-7c69-46c9-b73a-ba8e48ba6c38,2024-02-04T03:14:32.0167075Z,DateTime,04-02-2024,String,03,String,14,String,leaderboard,String,Slash,String,859744281879511040,String,751149973692874894,String
20240204,2d844700-bc47-4442-a240-e6ddd65dd27c,2024-02-04T06:12:52.914716Z,DateTime,04-02-2024,String,06,String,12,String,verify,String,Slash,String,859744281879511040,String,361655871190859776,String
20240204,77c988bf-cbe0-478f-b6f5-91461e055dfb,2024-02-04T22:00:45.4293474Z,DateTime,04-02-2024,String,22,String,00,String,mailbox register,String,Slash,String,859744281879511040,String,1179178291182186596,String
20240204,d8acd9d6-c617-46a2-b483-4c30ac403147,2024-02-04T01:18:18.7006086Z,DateTime,04-02-2024,String,01,String,18,String,verify,String,Slash,String,859744281879511040,String,712950313547464756,String
20240205,132d0cfd-8b95-4e8c-b917-f7b0103ebc16,2024-02-05T10:16:04.95598Z,DateTime,05-02-2024,String,10,String,16,String,partnership validate,String,Slash,String,859744281879511040,String,712950313547464756,String
20240205,26f12330-e605-461d-8ccc-0c0967c9db3a,2024-02-05T10:15:49.4355572Z,DateTime,05-02-2024,String,10,String,15,String,partnership validate,String,Slash,String,859744281879511040,String,712950313547464756,String
20240205,378db4f7-76c1-412b-af9c-f87963a6a60b,2024-02-05T15:40:01.0182085Z,DateTime,05-02-2024,String,15,String,40,String,mailbox register,String,Slash,String,859744281879511040,String,922294739192135710,String
20240205,c23cffc3-8ef9-47c1-b36f-dc0762c4a402,2024-02-05T11:13:39.7381996Z,DateTime,05-02-2024,String,11,String,13,String,snuggle,String,Slash,String,859744281879511040,String,661700416404193289,String
20240205,e8f08986-2b7d-4ee9-8825-7118bfe9b2cb,2024-02-05T13:08:03.8265078Z,DateTime,05-02-2024,String,13,String,08,String,verify,String,Slash,String,859744281879511040,String,712950313547464756,String
20240206,4b6667be-f85d-4e5a-8375-ca1a744b0f01,2024-02-06T06:24:26.5233371Z,DateTime,06-02-2024,String,06,String,24,String,leaderboard,String,Slash,String,859744281879511040,String,1144733573300105256,String
20240206,6562f789-a57d-4240-b387-d58c1ac15556,2024-02-06T19:25:59.9896894Z,DateTime,06-02-2024,String,19,String,25,String,verify,String,Slash,String,859744281879511040,String,361655871190859776,String
20240206,66a3a5ef-6d30-4ad7-afcb-97341201f4b4,2024-02-06T16:42:37.9453368Z,DateTime,06-02-2024,String,16,String,42,String,snuggle,String,Slash,String,859744281879511040,String,802997910157262888,String
20240206,9edda33d-e895-4ed9-a801-14bf698ca16a,2024-02-06T02:49:30.557371Z,DateTime,06-02-2024,String,02,String,49,String,mailbox register,String,Slash,String,859744281879511040,String,644314976059916335,String
20240206,a4bdc981-8a64-4807-8c61-d34fcfc8811b,2024-02-06T09:13:07.3369435Z,DateTime,06-02-2024,String,09,String,13,String,verify,String,Slash,String,859744281879511040,String,712950313547464756,String
20240206,e6e7f727-d4e2-45c4-9011-1d30c3afeba2,2024-02-06T11:48:40.0628026Z,DateTime,06-02-2024,String,11,String,48,String,partnership info,String,Slash,String,859744281879511040,String,490279572625948672,String
20240207,0bc4c37c-79ca-457c-84fc-7bd20dc89694,2024-02-07T21:58:19.5725497Z,DateTime,07-02-2024,String,21,String,58,String,leaderboard,String,Slash,String,859744281879511040,String,798565574963363870,String
20240207,0fcf2d33-6634-450e-be80-6ac0fb50c14c,2024-02-07T21:57:49.695372Z,DateTime,07-02-2024,String,21,String,57,String,leaderboard,String,Slash,String,859744281879511040,String,1144733573300105256,String
20240207,3147bce2-a64c-425d-8571-a38ce27c7822,2024-02-07T10:53:47.7969084Z,DateTime,07-02-2024,String,10,String,53,String,snuggle,String,Slash,String,859744281879511040,String,802997910157262888,String
20240207,32ffbe61-75b1-4125-b08b-934c31cd524e,2024-02-07T16:27:27.6004395Z,DateTime,07-02-2024,String,16,String,27,String,relax,String,Slash,String,1048722624261398548,String,712950313547464756,String
20240207,35fa4272-7563-45a0-b1cf-a08ee3c9e0e0,2024-02-07T09:23:27.3757404Z,DateTime,07-02-2024,String,09,String,23,String,snuggle,String,Slash,String,859744281879511040,String,661700416404193289,String
20240207,4ce0e009-0e11-44bd-a7d7-083d23bc7090,2024-02-07T08:00:52.633374Z,DateTime,07-02-2024,String,08,String,00,String,leaderboard,String,Slash,String,859744281879511040,String,751149973692874894,String
20240207,59272b0d-49ca-49d4-99c6-3618bec31ab0,2024-02-07T09:22:35.8524393Z,DateTime,07-02-2024,String,09,String,22,String,snuggle,String,Slash,String,859744281879511040,String,661700416404193289,String
20240207,60896008-7c44-40e3-9866-da39380c8d0d,2024-02-07T18:04:09.3950219Z,DateTime,07-02-2024,String,18,String,04,String,relax,String,Slash,String,1048722624261398548,String,712950313547464756,String
20240207,81cba697-b145-42cc-b8e6-fcff696b5e00,2024-02-07T00:02:43.6746958Z,DateTime,07-02-2024,String,00,String,02,String,partnership delete,String,Slash,String,859744281879511040,String,490279572625948672,String
20240207,9a6e77ea-c4c7-4a9d-b404-65f4c1a31650,2024-02-07T18:04:14.0190153Z,DateTime,07-02-2024,String,18,String,04,String,relax,String,Slash,String,1048722624261398548,String,712950313547464756,String
20240207,f068fa49-2a9b-4ed8-92fd-b077e1c01dd0,2024-02-07T09:37:33.4567337Z,DateTime,07-02-2024,String,09,String,37,String,Snuggle,String,UserContext,String,859744281879511040,String,712950313547464756,String
20240207,f09df520-81eb-434e-b77b-868c0a9ea46e,2024-02-07T07:50:28.9389064Z,DateTime,07-02-2024,String,07,String,50,String,leaderboard,String,Slash,String,859744281879511040,String,1144733573300105256,String
20240207,fa360c6c-8918-466c-a665-bcebf0501af0,2024-02-07T09:23:01.8824303Z,DateTime,07-02-2024,String,09,String,23,String,snuggle,String,Slash,String,859744281879511040,String,661700416404193289,String
20240208,2569997d-0d8e-44fc-9a64-9ec6e12a1c3c,2024-02-08T02:25:12.8602984Z,DateTime,08-02-2024,String,02,String,25,String,verify,String,Slash,String,859744281879511040,String,361655871190859776,String
20240209,3e43c2a3-0261-4c79-8f4a-8be8bee35f8b,2024-02-09T03:07:42.7645953Z,DateTime,09-02-2024,String,03,String,07,String,verify,String,Slash,String,859744281879511040,String,361655871190859776,String
20240209,3fd7fb55-16ad-4f8c-9ec5-f6b82c11eb15,2024-02-09T08:26:47.0702903Z,DateTime,09-02-2024,String,08,String,26,String,notes,String,Slash,String,859744281879511040,String,712950313547464756,String
20240209,88cd56d9-637b-4219-bd40-2d4a50320455,2024-02-09T08:26:30.7973123Z,DateTime,09-02-2024,String,08,String,26,String,verify,String,Slash,String,859744281879511040,String,712950313547464756,String
20240209,8fabe5dd-332a-4736-b654-b1192088b20b,2024-02-09T18:21:03.5523387Z,DateTime,09-02-2024,String,18,String,21,String,leaderboard,String,Slash,String,859744281879511040,String,1144733573300105256,String
20240209,9bae777c-e223-4694-b845-c90f76da10dd,2024-02-09T19:34:51.3893952Z,DateTime,09-02-2024,String,19,String,34,String,verify,String,Slash,String,859744281879511040,String,361655871190859776,String
20240209,a97df51b-73ea-4f8b-adb0-678b45cc9716,2024-02-09T11:18:07.4965095Z,DateTime,09-02-2024,String,11,String,18,String,verify,String,Slash,String,859744281879511040,String,490279572625948672,String
20240209,aff15b72-f30e-4830-9055-f0fb2aee0679,2024-02-09T11:18:33.0378831Z,DateTime,09-02-2024,String,11,String,18,String,notes,String,Slash,String,859744281879511040,String,490279572625948672,String
20240209,cb9477f8-420c-42b1-9b59-1f5159b78f13,2024-02-09T15:10:03.4188679Z,DateTime,09-02-2024,String,15,String,10,String,verify,String,Slash,String,859744281879511040,String,361655871190859776,String
20240209,e3db11c5-cd7c-40f1-92a8-d2e1a74a461b,2024-02-09T22:50:48.5008223Z,DateTime,09-02-2024,String,22,String,50,String,verify,String,Slash,String,859744281879511040,String,712950313547464756,String
20240209,f99f8c76-2c45-4884-b41c-0d55a3cd4b18,2024-02-09T22:54:13.769012Z,DateTime,09-02-2024,String,22,String,54,String,joke,String,Slash,String,859744281879511040,String,1105566414741442560,String
20240210,03ad3a0f-2cfb-49cf-bd6e-bcd7b3635242,2024-02-10T00:47:42.96995Z,DateTime,10-02-2024,String,00,String,47,String,verify,String,Slash,String,859744281879511040,String,361655871190859776,String
20240210,22ae89de-6f8a-4d5d-a979-2f51855bdf9f,2024-02-10T14:17:02.3608833Z,DateTime,10-02-2024,String,14,String,17,String,verify,String,Slash,String,859744281879511040,String,751149973692874894,String
20240210,31cb63c0-d546-49ca-bfac-980607d14807,2024-02-10T14:16:33.0517531Z,DateTime,10-02-2024,String,14,String,16,String,verify,String,Slash,String,859744281879511040,String,751149973692874894,String
20240210,363ba295-5e86-4b2b-a817-f46d6926baad,2024-02-10T23:34:27.5824125Z,DateTime,10-02-2024,String,23,String,34,String,verify,String,Slash,String,859744281879511040,String,712950313547464756,String
20240210,63694868-14d8-4cfd-a35b-661c880c3672,2024-02-10T01:03:10.8220637Z,DateTime,10-02-2024,String,01,String,03,String,verify,String,Slash,String,859744281879511040,String,361655871190859776,String
20240210,7b94f5d7-3285-4a49-9d7d-2fc639826d12,2024-02-10T08:02:33.7406151Z,DateTime,10-02-2024,String,08,String,02,String,mailbox register,String,Slash,String,859744281879511040,String,1056555564588597289,String
20240210,82769e15-3354-4b8b-b5b6-affd6ba4f597,2024-02-10T18:06:14.081449Z,DateTime,10-02-2024,String,18,String,06,String,boop,String,Slash,String,859744281879511040,String,1144733573300105256,String
20240210,9ef26d3d-5ff3-4a6c-b52d-c12bf7f2b055,2024-02-10T00:56:03.8870289Z,DateTime,10-02-2024,String,00,String,56,String,verify,String,Slash,String,859744281879511040,String,361655871190859776,String
20240210,b3b21f78-aa2d-413c-b91e-33913e6bee91,2024-02-10T06:14:30.0215753Z,DateTime,10-02-2024,String,06,String,14,String,leaderboard,String,Slash,String,859744281879511040,String,1144733573300105256,String
20240210,b90138db-73be-49f2-8583-ce915b5eea6b,2024-02-10T17:52:06.9292118Z,DateTime,10-02-2024,String,17,String,52,String,verify,String,Slash,String,859744281879511040,String,712950313547464756,String
20240210,bd9d8e7b-267e-417e-bd16-ea0787ce63b3,2024-02-10T00:48:32.650607Z,DateTime,10-02-2024,String,00,String,48,String,verify,String,Slash,String,859744281879511040,String,361655871190859776,String
20240210,d50c2b2b-1c25-408e-95e4-a639cd327e5a,2024-02-10T18:01:18.003403Z,DateTime,10-02-2024,String,18,String,01,String,pat,String,Slash,String,859744281879511040,String,696789599577571410,String
20240210,f3ea7b86-085a-4923-92e8-f8c426b3691c,2024-02-10T22:13:45.6285999Z,DateTime,10-02-2024,String,22,String,13,String,boop,String,Slash,String,859744281879511040,String,712950313547464756,String
20240211,4427acb9-7a65-4528-946a-60650c3ef1f3,2024-02-11T22:57:23.7724497Z,DateTime,11-02-2024,String,22,String,57,String,snuggle,String,Slash,String,859744281879511040,String,1129981544942022769,String
20240211,5653140d-1451-4363-a706-34b5ac569b5a,2024-02-11T10:02:34.6457412Z,DateTime,11-02-2024,String,10,String,02,String,leaderboard,String,Slash,String,859744281879511040,String,751149973692874894,String
20240211,aa58af86-bd95-498a-bdec-bffff09c4ada,2024-02-11T22:55:54.7929161Z,DateTime,11-02-2024,String,22,String,55,String,snuggle,String,Slash,String,859744281879511040,String,802997910157262888,String
20240211,ae6cfa1f-f2fd-4482-94fb-bf2138a1a390,2024-02-11T23:13:55.4571704Z,DateTime,11-02-2024,String,23,String,13,String,explain proxy,String,Slash,String,859744281879511040,String,1129981544942022769,String
20240211,bb2f1752-03af-4c31-98fc-89bcc79d356d,2024-02-11T23:11:29.7122086Z,DateTime,11-02-2024,String,23,String,11,String,snuggle,String,Slash,String,859744281879511040,String,626171423345344522,String
20240211,bc2425f8-3ccb-4d96-ae74-6c1f9b2fa1d9,2024-02-11T22:57:10.6601214Z,DateTime,11-02-2024,String,22,String,57,String,snuggle,String,Slash,String,859744281879511040,String,1129981544942022769,String
20240211,ded51533-ab9d-485a-8a60-c42d7f8c9898,2024-02-11T12:51:28.4316311Z,DateTime,11-02-2024,String,12,String,51,String,verify,String,Slash,String,859744281879511040,String,712950313547464756,String
20240212,008470ca-2c0a-45f0-9634-f162e194cd78,2024-02-12T16:00:26.9968653Z,DateTime,12-02-2024,String,16,String,00,String,verify,String,Slash,String,859744281879511040,String,361655871190859776,String
20240212,039fc93e-516f-41c7-8072-b3b077274833,2024-02-12T09:17:38.4601579Z,DateTime,12-02-2024,String,09,String,17,String,verify,String,Slash,String,859744281879511040,String,712950313547464756,String
20240212,0c269cb2-5c45-4504-b3c2-3cc8e2a0797b,2024-02-12T09:01:10.0851627Z,DateTime,12-02-2024,String,09,String,01,String,Snuggle,String,UserContext,String,859744281879511040,String,712950313547464756,String
20240212,356df06b-553e-46f4-b7d6-b6020a7fd043,2024-02-12T05:11:09.6643109Z,DateTime,12-02-2024,String,05,String,11,String,leaderboard,String,Slash,String,859744281879511040,String,1144733573300105256,String
20240212,5b0c2a55-0f3f-4ef4-a982-f6f2e95040cd,2024-02-12T04:46:11.0509094Z,DateTime,12-02-2024,String,04,String,46,String,snuggle,String,Slash,String,859744281879511040,String,661700416404193289,String
20240212,5ec4e96d-3c72-4daf-afa9-1fab3002c298,2024-02-12T04:46:23.5175318Z,DateTime,12-02-2024,String,04,String,46,String,snuggle,String,Slash,String,859744281879511040,String,661700416404193289,String
20240212,63adbefc-e4e6-4f95-a598-6b01f8e6b53e,2024-02-12T21:45:31.524884Z,DateTime,12-02-2024,String,21,String,45,String,verify,String,Slash,String,859744281879511040,String,361655871190859776,String
20240212,979c29ed-281a-4036-ab35-513a19a6e75c,2024-02-12T16:09:29.4712036Z,DateTime,12-02-2024,String,16,String,09,String,snuggle,String,Slash,String,859744281879511040,String,728308914084642906,String
20240212,b890fb2f-7099-4b5d-8763-95274cdc0b53,2024-02-12T16:11:02.1009239Z,DateTime,12-02-2024,String,16,String,11,String,leaderboard,String,Slash,String,859744281879511040,String,751149973692874894,String
20240212,cffe1369-ec82-492e-92b2-b4d72854f8ab,2024-02-12T18:18:33.8818023Z,DateTime,12-02-2024,String,18,String,18,String,verify,String,Slash,String,859744281879511040,String,712950313547464756,String
20240213,6bf14934-408e-44c7-9780-8ead8a7316f5,2024-02-13T09:11:47.1647017Z,DateTime,13-02-2024,String,09,String,11,String,leaderboard,String,Slash,String,859744281879511040,String,1144733573300105256,String
20240213,d52ce6ef-8c43-42c6-a61f-13d510d1f327,2024-02-13T07:15:46.04291Z,DateTime,13-02-2024,String,07,String,15,String,verify,String,Slash,String,859744281879511040,String,751149973692874894,String
20240214,02e507bd-5319-4fe0-8a28-6e7649326a41,2024-02-14T07:35:44.9451794Z,DateTime,14-02-2024,String,07,String,35,String,delete message,String,Slash,String,859744281879511040,String,751149973692874894,String
20240214,2b62da8b-29f4-4495-b30f-235d2cceed6c,2024-02-14T03:43:04.5292448Z,DateTime,14-02-2024,String,03,String,43,String,apply,String,Slash,String,859744281879511040,String,804911051883282482,String
20240214,422dccac-9166-4d1c-9d30-62c99672bc0b,2024-02-14T05:14:56.2471131Z,DateTime,14-02-2024,String,05,String,14,String,leaderboard,String,Slash,String,859744281879511040,String,1144733573300105256,String
20240214,4e9e8e8c-44ab-4a6d-a366-05dba1cb4cf1,2024-02-14T12:42:01.1906057Z,DateTime,14-02-2024,String,12,String,42,String,joke,String,Slash,String,859744281879511040,String,465234755429072906,String
20240214,61c3b945-d830-4e49-bc8f-7b6d2c42d189,2024-02-14T00:27:23.4016678Z,DateTime,14-02-2024,String,00,String,27,String,verify,String,Slash,String,859744281879511040,String,361655871190859776,String
20240214,6d0a7722-6548-4524-a564-3c1c249b9c72,2024-02-14T12:18:27.3233263Z,DateTime,14-02-2024,String,12,String,18,String,verify,String,Slash,String,859744281879511040,String,465234755429072906,String
20240214,ba400abb-8450-4651-9aea-83b1d2d6f408,2024-02-14T09:47:05.3617808Z,DateTime,14-02-2024,String,09,String,47,String,pat,String,Slash,String,1048722624261398548,String,712950313547464756,String
20240214,be5b2dce-9c1e-4fb4-8522-fd7bec594366,2024-02-14T09:47:02.1690941Z,DateTime,14-02-2024,String,09,String,47,String,call,String,Slash,String,1048722624261398548,String,712950313547464756,String
20240214,de8751a5-a902-490f-a393-5bd3a3ec949a,2024-02-14T16:25:11.9925821Z,DateTime,14-02-2024,String,16,String,25,String,verify,String,Slash,String,859744281879511040,String,712950313547464756,String
20240214,e6370da9-a51e-4ab9-857a-48b13316bb92,2024-02-14T05:14:43.5880518Z,DateTime,14-02-2024,String,05,String,14,String,leaderboard,String,Slash,String,859744281879511040,String,1144733573300105256,String
20240215,5668c32c-a410-4a62-996c-e0b381ca0559,2024-02-15T20:56:30.2172903Z,DateTime,15-02-2024,String,20,String,56,String,leaderboard,String,Slash,String,859744281879511040,String,1144733573300105256,String
20240216,026d9c15-f21b-48c2-b383-641a8e1dc2ab,2024-02-16T10:32:52.7718186Z,DateTime,16-02-2024,String,10,String,32,String,verify,String,Slash,String,859744281879511040,String,712950313547464756,String
20240216,034252a3-4467-4cb5-8a50-6572ca587487,2024-02-16T15:56:48.6243609Z,DateTime,16-02-2024,String,15,String,56,String,train,String,Slash,String,1048722624261398548,String,712950313547464756,String
20240216,48b4e5eb-b13c-4413-9ea0-b41797ddb549,2024-02-16T13:52:38.3960827Z,DateTime,16-02-2024,String,13,String,52,String,snuggle,String,Slash,String,859744281879511040,String,465234755429072906,String
20240216,57ecfb68-4e5e-42bc-883c-9c1b23e446ed,2024-02-16T15:56:36.8221381Z,DateTime,16-02-2024,String,15,String,56,String,train,String,Slash,String,1048722624261398548,String,712950313547464756,String
20240216,79f5cb9d-8fb2-4e78-984f-ced52fef386c,2024-02-16T16:06:21.457326Z,DateTime,16-02-2024,String,16,String,06,String,call,String,Slash,String,1048722624261398548,String,712950313547464756,String
20240216,968b69ed-bedf-4542-86ca-968a124c312b,2024-02-16T17:13:47.2030759Z,DateTime,16-02-2024,String,17,String,13,String,leaderboard,String,Slash,String,859744281879511040,String,937128031288451102,String
20240216,9db4d010-1144-4ca7-b081-18ceb4a633c4,2024-02-16T15:56:57.0049186Z,DateTime,16-02-2024,String,15,String,56,String,train,String,Slash,String,1048722624261398548,String,712950313547464756,String
20240216,a6914309-9bec-40d7-b330-8c694516c8f6,2024-02-16T15:57:11.1987434Z,DateTime,16-02-2024,String,15,String,57,String,sit,String,Slash,String,1048722624261398548,String,712950313547464756,String
20240216,c6e1fb97-b6cc-416d-abe7-2562ab6676a7,2024-02-16T15:57:04.5957022Z,DateTime,16-02-2024,String,15,String,57,String,sit,String,Slash,String,1048722624261398548,String,712950313547464756,String
20240216,d1c11ca1-997d-404d-a07d-c8e5dd17265e,2024-02-16T16:06:24.4517536Z,DateTime,16-02-2024,String,16,String,06,String,pat,String,Slash,String,1048722624261398548,String,712950313547464756,String
20240216,dbea6b1c-0152-4a4a-8709-9ef0c1ae8c25,2024-02-16T15:58:01.3231742Z,DateTime,16-02-2024,String,15,String,58,String,help,String,Slash,String,1048722624261398548,String,712950313547464756,String
20240216,dc5e5b0d-7901-4851-ad2b-5d8681b83b4c,2024-02-16T15:56:42.5116782Z,DateTime,16-02-2024,String,15,String,56,String,train,String,Slash,String,1048722624261398548,String,712950313547464756,String
20240216,e69ed914-c50e-4f88-b877-ec4de0320a56,2024-02-16T15:57:15.041672Z,DateTime,16-02-2024,String,15,String,57,String,pat,String,Slash,String,1048722624261398548,String,712950313547464756,String
20240216,f180a37d-8d15-4638-a20a-8358dab1ecc5,2024-02-16T16:06:04.53347Z,DateTime,16-02-2024,String,16,String,06,String,help,String,Slash,String,1048722624261398548,String,712950313547464756,String
20240216,f33b7198-335c-4e3a-a823-c0cfc3f48e2a,2024-02-16T15:58:20.3441001Z,DateTime,16-02-2024,String,15,String,58,String,leaderboard,String,Slash,String,1048722624261398548,String,712950313547464756,String
20240217,062ca06d-5e88-4979-8beb-828539b2bcdb,2024-02-17T13:45:23.1357136Z,DateTime,17-02-2024,String,13,String,45,String,leaderboard,String,Slash,String,859744281879511040,String,712950313547464756,String
20240217,0dd134d7-b196-419b-b7ce-6caa7322a6bf,2024-02-17T12:27:19.1654924Z,DateTime,17-02-2024,String,12,String,27,String,verify,String,Slash,String,859744281879511040,String,361655871190859776,String
20240217,7e38bcea-8cf0-4e2f-b99f-a12c4c6b7b0f,2024-02-17T17:40:34.2827637Z,DateTime,17-02-2024,String,17,String,40,String,verify,String,Slash,String,859744281879511040,String,712950313547464756,String
20240217,debeb31d-9a77-4e23-94d7-5cf4b8c87547,2024-02-17T19:32:03.9147618Z,DateTime,17-02-2024,String,19,String,32,String,verify,String,Slash,String,859744281879511040,String,712950313547464756,String
20240217,fb14c37c-1de0-4d7d-b4dc-14af01f63e8c,2024-02-17T06:03:42.0627897Z,DateTime,17-02-2024,String,06,String,03,String,Delete Message,String,MessageContext,String,859744281879511040,String,403937759452200961,String
20240218,1da4853b-6589-4891-bc31-53bddb908a41,2024-02-18T10:10:58.8142583Z,DateTime,18-02-2024,String,10,String,10,String,verify,String,Slash,String,859744281879511040,String,712950313547464756,String
20240218,395aff41-1d2b-41f7-a508-6b24d70fb1bf,2024-02-18T14:02:46.2471303Z,DateTime,18-02-2024,String,14,String,02,String,verify,String,Slash,String,859744281879511040,String,361655871190859776,String
20240218,42be1507-61a6-4b5e-93b7-7cf2aa272a55,2024-02-18T01:08:45.7062886Z,DateTime,18-02-2024,String,01,String,08,String,snuggle,String,Slash,String,859744281879511040,String,1144733573300105256,String
20240218,dba0f130-c763-4efe-b249-9ece42e6ad25,2024-02-18T01:08:55.7186029Z,DateTime,18-02-2024,String,01,String,08,String,leaderboard,String,Slash,String,859744281879511040,String,1144733573300105256,String
20240219,1b5088d7-aa9c-458a-be33-69e368fa7af7,2024-02-19T03:14:02.230598Z,DateTime,19-02-2024,String,03,String,14,String,verify,String,Slash,String,859744281879511040,String,361655871190859776,String
20240219,31720947-7f3e-4a91-b82f-1a71726663ef,2024-02-19T21:27:25.4646285Z,DateTime,19-02-2024,String,21,String,27,String,play hide-and-seek,String,Slash,String,859744281879511040,String,712950313547464756,String
20240219,33ea30ea-1c02-49bd-b2f7-b26c94d2ecb3,2024-02-19T03:14:35.1401134Z,DateTime,19-02-2024,String,03,String,14,String,verify,String,Slash,String,859744281879511040,String,361655871190859776,String
20240219,34598eed-f0a6-4e8b-95e0-249a6c69a1a8,2024-02-19T14:25:50.4735699Z,DateTime,19-02-2024,String,14,String,25,String,verify,String,Slash,String,859744281879511040,String,361655871190859776,String
20240219,561ba5f4-2013-41f9-92f1-440a7a44891a,2024-02-19T15:13:11.4594068Z,DateTime,19-02-2024,String,15,String,13,String,notes,String,Slash,String,859744281879511040,String,361655871190859776,String
20240219,59b6077f-545c-425b-9a83-9b118954289d,2024-02-19T18:27:42.1498433Z,DateTime,19-02-2024,String,18,String,27,String,leaderboard,String,Slash,String,859744281879511040,String,1144733573300105256,String
20240219,799e00bf-93d7-460c-b29a-446fef7d3098,2024-02-19T21:09:10.0530201Z,DateTime,19-02-2024,String,21,String,09,String,verify,String,Slash,String,859744281879511040,String,361655871190859776,String
20240219,8152599c-81e1-4407-9da8-bdedecb8d490,2024-02-19T15:12:42.9613222Z,DateTime,19-02-2024,String,15,String,12,String,verify,String,Slash,String,859744281879511040,String,361655871190859776,String
20240219,b86c27de-a468-4e41-ad49-39215aef88b3,2024-02-19T21:27:36.1742436Z,DateTime,19-02-2024,String,21,String,27,String,leaderboard,String,Slash,String,859744281879511040,String,712950313547464756,String
